apartment_id,building_id,total_size,room_count,quality_score,size_rank,quality_rank,total_apartments,floor_id
74f068048cd92e9ccf34a909aff22d95,1628,287.884321772279,19,1.4515975612541,13048,3,42400,7276
aa984da3c40efa56bc9c6213e7536574,1628,287.884321772279,19,1.4515975612541,13048,4,42400,7283
85c6dca67092ec473ffca018bf520ec2,1628,361.771955411842,21,1.21490086342987,9158,13,42400,7276
481dd1cd7d0e6c94a374e02eb62d8808,1628,361.771955411842,21,1.21490086342987,9158,14,42400,7283
a68564229d0f510243ee89f3766e6780,1628,141.771051977466,19,1.20120604317644,24995,15,42400,7277
c55f33dc375f01ee0c285bf166ee7e46,1628,226.025163839967,10,1.04584716476245,17623,18,42400,7283
c1b72916eaed69cb6e93e6cc4d786508,1628,226.025163839967,10,1.04584716476245,17622,18,42400,7276
972a2e6a10d00d781abf018f77581624,1628,98.457720427293,8,1.02921593154453,31769,24,42400,15131
974b7e00cd0ea77247f03ba3a1be5d7b,1628,98.5843940155756,8,1.0289502419032,31751,25,42400,15131
99ca311c0ee1be16816b7477a1ac9e1a,1628,98.5892277818226,8,1.02615250574018,31750,27,42400,15131
fe3c0b634ab672c6f7bf2f8e522fcd8c,1628,75.4929312523737,5,1.02074628316718,36542,28,42400,15131
01f287ce4c1871ff6775802b71f08578,1628,118.221487027573,9,1.00866784279849,28003,29,42400,15131
507f9d0d281a6885377c2f2cd2ae4671,1628,118.502439097872,9,1.0071457094571,27971,30,42400,15131
319b182714fd28bbaf625ca5c4d734f4,1628,227.828142422655,11,0.996228176653356,17513,40,42400,7276
de83f14ce41f30de220ebe37e84b7a7f,1628,227.828142422655,11,0.996228176653356,17512,41,42400,7283
94a599573f708ee9501813eadecb9e05,1628,110.158231122865,6,0.99360776573564,29347,43,42400,7283
e845d6823f95b78d537a6ecbb2ac7371,1628,110.158231122865,6,0.99360776573564,29347,43,42400,7276
92aeedc9c05d309e1a0d8c58a61828a8,1628,255.209088603792,13,0.991917263007055,15435,46,42400,7283
f4f60dbdbf654b652e8f985b79c9aba6,1628,255.209088603792,13,0.991917263007055,15436,47,42400,7276
699be608d98dbbfce6778b329803496c,1628,225.583436316264,12,0.987065702920096,17650,48,42400,7276
fd39bcb1334b9e8bc8f17b5a7967a390,1628,225.583436316264,12,0.987065702920096,17650,48,42400,7283
63d79eeb99784e3eda50fdf82481746e,1628,110.220255701871,11,0.98537892516755,29341,54,42400,7277
f6dc1b8cb85bd958506119da5757ab56,1628,129.908094433056,10,0.955726966655771,26356,65,42400,15131
ee30babb963e28f8a24d89f34a66e5d5,1628,131.807908619834,10,0.954525299214472,26131,69,42400,15131
dcdf6ade572f188e8817a008d9136189,1628,117.338336961859,9,0.954275168687329,28111,70,42400,15131
41603ae0db15f633031366452d25be58,1628,254.437645908366,13,0.947675063357048,15511,75,42400,7276
ce2a93b53dcf9525340120735af3c788,1628,254.437645908366,13,0.947675063357048,15511,75,42400,7283
88a6075c98155e9a60d75c77e9485dc3,1628,253.780578478408,14,0.935131944670096,15542,86,42400,7283
bf98d5bc8d09606360a3519f20f5c894,1628,253.780578478408,14,0.935131944670096,15542,87,42400,7276
65725851b2debd6c40d8d25a1c4f7255,1628,230.119624935457,11,0.934473986989503,17355,88,42400,7276
dfa751d181cce16dbd06bc97baca8a47,1628,230.119624935457,11,0.934473986989503,17354,88,42400,7283
a39054a13b994a260fa307c4cad0cad7,1628,122.149778479857,13,0.934010558816987,27501,90,42400,7277
7e7ea4cbd3c1c5f9ec9fe26b41652d7c,1628,99.4792684207574,9,0.920906376258177,31574,99,42400,15131
26c6670c43873dbc13bac2f8791b066a,1628,118.954738051253,9,0.920797324004505,27904,100,42400,15131
2765ba36713ed845109caee0c651effe,1628,196.481126005955,9,0.916903142644199,20211,101,42400,7283
28f74c42ab1c1509d04bb029cf6e8632,1628,196.481126005955,9,0.916903142644199,20211,101,42400,7276
845411517e9cc0efec6f83674dc3e8bb,1628,99.1507248495714,10,0.911142625031367,31633,104,42400,15131
00bc60c035283190813295f68812fae0,1628,120.679558103298,10,0.910392779108558,27693,105,42400,15131
7ffa31285fc3f8f27bb44a23faea0115,1628,99.8607350420986,10,0.910221114808818,31482,106,42400,15131
4512c645845fa2adccdba0e4596f89c9,1628,99.137928367921,10,0.899293619018575,31637,107,42400,15131
ee4271aad46cf100fad0db4a92e95633,1628,100.069823428513,10,0.898984764885075,31441,109,42400,15131
d07c95d09708ef6eda2420172ea33122,1628,252.345561669314,13,0.898026979444898,15609,110,42400,7276
14a073aaa588b5e0f5079115b04b2979,1628,252.345561669314,13,0.898026979444898,15609,110,42400,7283
79c336414031914dabbc903e74408518,1628,153.623653659851,12,0.893743169940102,23934,113,42400,15131
aab6ae2a40caf0a17950030faa84b399,1628,122.533206018521,14,0.885276613269275,27448,120,42400,7277
f72caa93410294e84fe6f1c04087d127,1628,148.481801103515,11,0.858625033622484,24374,125,42400,15131
62c27afbcb7ce8bc5d157150661fa453,1628,198.171711058615,8,0.853795975202406,20053,127,42400,7276
104c730ea757de29a17a5467d55bfee0,1628,198.171711058615,8,0.853795975202406,20054,127,42400,7283
c85b7ff37e662784051f72913193305b,1628,132.874418199389,11,0.846217046609208,26026,130,42400,15131
a4b38b41272b688ce1a5de7891419410,1628,423.927559180251,19,0.839729942412411,6888,133,42400,11284
d4c98ea30b4b63c4fa10e75df36ea763,1628,423.927559180251,19,0.839729942412411,6889,133,42400,11283
17b36caa341f88e662a947a742e9dbf6,1628,423.927559180251,19,0.839729942412411,6889,133,42400,11285
f718aa51ff4c368bf046bac059d4072d,1628,107.530906609729,10,0.837180362173072,29918,136,42400,7277
0083945a23c25e263417fd654b2e9899,1628,160.605903781978,11,0.835366802266935,23240,138,42400,15131
3c08290bb08843a41b58fdc74977ec13,1628,223.653420156323,11,0.830160491696948,17811,140,42400,7276
1e01194ad9ecabaded94fafbf78d437a,1628,223.653420156323,11,0.830160491696948,17812,141,42400,7283
df55cb2cd3b7496d6a2af18a573b0cff,1628,225.329433170637,10,0.82187949984312,17672,146,42400,7276
72afa63745e7d070dc6c5a08c45f0956,1628,225.329433170637,10,0.82187949984312,17672,147,42400,7283
9cd17dad0e6ed169ee8bd6eb4a914e6b,1628,98.8175354670482,10,0.816735012245691,31698,150,42400,15131
b930dfa1cf63c409dbbd8527ef9134c0,1628,224.308784542239,10,0.81519333352569,17755,151,42400,7276
76707a25f6fac46ae8775b8b78d5f6c2,1628,224.308784542239,10,0.815193333525689,17754,152,42400,7283
95d88cb27d1e7ed099d253ed783eb082,1628,197.914859987061,9,0.814080820492642,20074,153,42400,7283
e1ede66f2a37a4961eaaf6523e784746,1628,197.914859987061,9,0.814080820492642,20073,154,42400,7276
5bb25b241dae101002543227b5023b1a,1628,122.093668521472,13,0.809566416977937,27509,156,42400,7277
282af97ea81059eb70181678d84d2c23,1628,99.2943858829342,10,0.80752103589019,31611,157,42400,15131
dd7920b98c74e69efedfd25921a10930,1628,223.326503038903,10,0.803757269642287,17856,159,42400,7283
926d69790e8aa82a12b013ff13d9408b,1628,223.326503038903,10,0.803757269642287,17857,159,42400,7276
7245208b26669169d43921be389618c2,1628,197.72593379057,9,0.799251334923199,20096,162,42400,7276
f218a8ec6fba63a1fb27708ab1cc906d,1628,197.72593379057,9,0.799251334923199,20096,162,42400,7283
ca9343240cceeb3f5a1f087818af539d,1628,94.4772732520836,9,0.794961819415756,32597,165,42400,7277
2c5898f17dd4517bbd2fba258a325004,1628,118.565161322007,11,0.785373881941609,27961,178,42400,15131
c4c55246debe52a4d2aaf701606bb051,1628,94.6271202583361,9,0.781475208742362,32558,180,42400,7277
4dfa3b4e703b9b5b2dfa6c5693a52277,1628,119.763375975607,11,0.779882652886901,27782,181,42400,15131
0eb78c85b6df21c467da5f5f89ab3284,1628,118.892480583835,11,0.779430354587775,27915,182,42400,15131
907793b7e88deefd10e3a98e32f57bce,1628,117.359468880612,11,0.778587393131939,28107,183,42400,15131
2804be938f2a0594041543efc59018dd,1628,342.382912863663,11,0.77753655065138,9919,184,42400,11285
cdbfb9b8e7ff7225747d6701288b8843,1628,342.382912863663,11,0.77753655065138,9919,184,42400,11283
5f75c56c80810456b29046d1d119677b,1628,342.382912863663,11,0.77753655065138,9919,186,42400,11284
056cf97ecbb5d488a7bc0d4ded048ea7,1628,146.211886392617,11,0.777103907420192,24594,187,42400,15131
9b981e425b670915910520731e1efe8c,1628,9.64712173818814,1,0.768400603815657,42379,189,42400,9544
549110d3fc47a24aa49f39a109a1d043,1628,376.872914259986,12,0.76755774552377,8634,190,42400,11283
cb81d59dac8433f6f70a3a4617229d47,1628,376.872914259986,12,0.76755774552377,8635,190,42400,11284
c2cb742f6237e4c77aeb77b864c3a213,1628,376.872914259986,12,0.76755774552377,8635,190,42400,11285
3d93764e05da5722d89bde5901cd3774,1628,108.845650721681,11,0.763154169501874,29632,198,42400,7277
dbfecc186d76d9406004479326a96f81,1628,252.666146363006,13,0.760343817453535,15582,201,42400,7276
5e99febcaf5d35a2f0cd9cf1673218bf,1628,252.666146363006,13,0.760343817453535,15583,201,42400,7283
571730ab4b9c88565a1fe2fe66977b11,1628,376.157983620097,12,0.758548649899291,8653,203,42400,11285
c0948abe47500a10f86e7ff11fd1d33f,1628,376.157983620097,12,0.758548649899291,8654,204,42400,11283
e3916d1d972bf4eb3233bc30d98a64e3,1628,376.157983620097,12,0.758548649899291,8654,204,42400,11284
8b8b32429adb91d8a1761cac9872e0d3,1628,223.1703970531,11,0.754102745963543,17870,209,42400,7276
d652f10d8b6067a3b6f57a51e4822590,1628,223.1703970531,11,0.754102745963543,17871,209,42400,7283
c1a7cb5763f77e02d5ae8fba65118650,1628,375.463822277975,13,0.751974786225142,8674,211,42400,11283
080684b397a321bf008fbd834320206e,1628,375.463822277975,13,0.751974786225142,8674,211,42400,11284
4820333a812f0699511383684d95df5e,1628,375.463822277975,13,0.751974786225142,8674,211,42400,11285
5d9805f8ca3f954fbcae752ed09e045e,1628,50.919076456172,6,0.749302749663378,40439,216,42400,7277
4264326acbdbeb3b7e6b13de5e382117,1628,221.066312899331,11,0.74816240957015,18051,218,42400,7276
912d9302946403fa72649606972e34eb,1628,221.066312899331,11,0.74816240957015,18050,219,42400,7283
604547cbec6d61ab3a97ddef9450f4ce,1628,109.010657780022,11,0.74543680623234,29593,222,42400,7277
bf874ac7f4f6c91f1018f5c22ff56d24,1628,90.5230987775127,8,0.745225636329612,33515,224,42400,15131
7f42444194c1090f46151ed983937e81,1628,97.0019541676028,9,0.744651943560329,32041,225,42400,15130
9926eb3d05636828552519b3a10c4ac2,1628,119.285307887815,11,0.742881025031425,27857,229,42400,15131
5294424f04a7ded7203a6d88e1df7dbe,1628,107.597013324779,11,0.742437097827918,29904,230,42400,7277
a85745ce56d1ff9e0efee2c20748f443,1628,115.9924997648,9,0.734527442573928,28305,232,42400,15130
247beaf71109099e3906a41e7c819e03,1628,197.864108491259,9,0.7252889282552,20080,238,42400,7283
cecd00d450f9c890a8cdf9727495bed5,1628,197.864108491259,9,0.7252889282552,20080,238,42400,7276
50e04b433f01e51c700ffcdc44566f55,1628,527.820637071414,18,0.724754681767793,4239,240,42400,11283
48368757f54fd2856abc5d2f7e20902a,1628,527.820637071414,18,0.724754681767793,4239,240,42400,11285
bfa99b2c5ca28c2b42d71b1ea3377ff7,1628,527.820637071415,18,0.724754681767792,4238,242,42400,11284
cf721f47a8014a0981d3784519dd097c,1628,119.547634420143,11,0.718323412868629,27804,248,42400,15131
512040feb3f312543deb49101cec9ea5,1628,94.9683169048647,9,0.708092414841605,32484,252,42400,7277
b16effc05fafae63383d727ca2a0f4b2,1628,222.906350986746,10,0.69445472551206,17908,255,42400,7276
f63c636da1f40bb0180b4520d6164eb3,1628,222.906350986746,10,0.69445472551206,17908,256,42400,7283
79492e65caad683cbe1bc3cd50e4a687,1628,107.793434418152,11,0.693179657378258,29851,257,42400,7277
972e2be8fb13e33e368835548540e557,1628,122.681063366731,13,0.691810184156339,27421,259,42400,7277
0c3928b1e1cf0457cb0ad220bcc42fca,1628,129.56546092348,11,0.690158656470614,26424,261,42400,15130
487fccd0f392fb545e55661113f2af0b,1628,109.247455171128,12,0.684426037292756,29554,276,42400,7277
8e0a339fa221ec9be018ddf751e929eb,1628,94.8844839861504,8,0.681837050109592,32503,278,42400,7277
2172490bf7aead46bae8a88d9173989b,1628,534.081677396684,18,0.681521163462359,4126,280,42400,11283
b39d88f712a024913114a63f04c3d64e,1628,534.081677396684,18,0.681521163462359,4124,280,42400,11284
5eccb6d2636c63240f39a38baa574f51,1628,534.081677396684,18,0.681521163462359,4124,282,42400,11285
4f3ebd4c79aee70e046f6ca4d2e2f72c,1628,292.735175566783,9,0.681150443524305,12674,283,42400,11283
ed21b10933effefdb16a3a50a1795135,1628,292.735175566783,9,0.681150443524305,12674,283,42400,11285
df78c1234a6a82a30a434d5ac95aa22c,1628,292.735175566783,9,0.681150443524305,12674,283,42400,11284
68b01ab35e39e46728231855e009733e,1628,292.558061514785,9,0.67563741228901,12692,293,42400,11283
3fce6e05d898ac442b968cdcbf2c0775,1628,292.558061514785,9,0.67563741228901,12692,293,42400,11284
5404602516d70f9d5a006b7c7b74f785,1628,292.558061514785,9,0.67563741228901,12692,293,42400,11285
29addbbe349a694341dc2be9a0635aab,1628,333.381124049953,9,0.672315763759995,10338,302,42400,11285
f590af6eba72acced088d56c954e7ccb,1628,333.381124049953,9,0.672315763759995,10338,302,42400,11283
7b1c61889a48b68a1205e7fa83f3fa2e,1628,333.381124049953,9,0.672315763759995,10340,302,42400,11284
c88166aaeddc6ba730f977355bc84cd9,1628,142.571031075911,10,0.666901491288887,24922,312,42400,15130
5a1b8e8211da9685e37fd895a99c8cab,1628,149.798018136691,12,0.664877747121768,24266,313,42400,15130
43925edbf78ad91d72d62ab2e09db87a,1628,293.965325203035,9,0.661345278635093,12563,323,42400,11283
a2f60cac6509aae09ca3191c9fc9ec72,1628,293.965325203035,9,0.661345278635093,12564,323,42400,11284
0282bfdfbbecc0661e68cf8ac0b7ae84,1628,293.965325203035,9,0.661345278635093,12564,323,42400,11285
2646a2fd9cf4c2d8ca4546d505ba2605,1628,111.700163951482,10,0.65771327367103,29060,333,42400,7277
83fdc6762cf5ef518cd401c707c57aa5,1628,348.158683760516,16,0.657005617583506,9713,335,42400,7283
2916ccd6344c6107f4878201621789ae,1628,348.158683760516,16,0.657005617583506,9713,335,42400,7276
c73e34189993d73458bc932ca974913c,1628,175.573966346388,17,0.654419514004774,21762,340,42400,7277
46bd668d16448a7cb9a991e891789b28,1628,107.531434846603,10,0.651574027976604,29917,343,42400,7277
9709290edc7b85a57184d70bb4935ec4,1628,9.54723184025698,1,0.647281853808867,42381,345,42400,9544
8fdacb96516dea4980c6b3617bb9cbc1,1628,122.781128790276,12,0.646126609489915,27405,348,42400,7277
068cc7de7bc5e4d3178fb3035f13c412,1628,106.825870070795,11,0.645293577898058,30076,350,42400,7277
6eb9586a040fceb2b751f0ac0efa0a67,1628,333.059222247356,11,0.645018562062496,10352,351,42400,11284
1d50a3e43f374434e6b2de9ed46f32b2,1628,333.059222247356,11,0.645018562062496,10353,351,42400,11285
35d6e710118364b32d038beeac58f837,1628,333.059222247356,11,0.645018562062496,10353,351,42400,11283
2523bf4a5edc8375094fe82e4feef9d4,1628,334.345600239382,10,0.643223255399766,10291,354,42400,11283
afe9839454ccaa016340eecaf447d7f5,1628,334.345600239382,10,0.643223255399766,10291,354,42400,11284
936e0595923c42ed9e3f0521e8ca5983,1628,334.345600239382,10,0.643223255399766,10291,354,42400,11285
77b7146d43e5768701b6cdee51f4d2eb,1628,516.979593101386,16,0.642609100595736,4492,362,42400,11284
8ce8fc2da2fd18bde2c2d5b94ca23d29,1628,516.979593101386,16,0.642609100595736,4492,363,42400,11283
ef332334270920646e04f63b7584c883,1628,516.979593101386,16,0.642609100595736,4494,363,42400,11285
c7050300a7664988073e6c0899c3e5ba,1628,178.795702696269,20,0.63907753088365,21476,366,42400,7277
6991b43f9f3be73d770faf14ac293dca,1628,168.828975151188,15,0.627957031712681,22459,385,42400,7277
492a5cb7b7c5ce00dd7038437ce8f645,1628,355.516148698583,19,0.615821363299409,9425,386,42400,7276
e975a76cdf881f798579ef521fcbb79c,1628,355.516148698583,19,0.615821363299409,9425,387,42400,7283
da368bf709508159e70e2e98caf0b214,1628,412.367053319302,19,0.609234853601645,7249,394,42400,7283
a19eb95fd7549961117f90e43cc1c45e,1628,412.367053319302,19,0.609234853601645,7248,394,42400,7276
781235643d23eb7fe4509580047d1a23,1628,151.093920009312,13,0.593509005048749,24159,428,42400,7275
094eb4cb0e581c6b3e1f129f58ad28a6,1628,225.442968497867,12,0.592673064135915,17667,429,42400,7276
1cca48e8e2c8c9c6e47d60617c905ed4,1628,225.442968497867,12,0.592673064135915,17668,429,42400,7283
b274e809cc78b7c6e578b2eaa3bde73e,1628,330.555020807826,13,0.570133931518834,10495,458,42400,11283
989fee71bdb8a3910bc912b827f33ad2,1628,330.555020807826,13,0.570133931518834,10495,458,42400,11284
e48f4274479b320a7962d0b750e3cc54,1628,330.555020807826,13,0.570133931518834,10495,460,42400,11285
f420bb2274f02f39bb9176bbe81f70f8,1628,117.674391894781,10,0.568150302283404,28080,461,42400,15130
82791c5527139ba7911e598949c55009,1628,94.8274123328781,9,0.566728394389356,32521,462,42400,7277
7ed8c18022cbf59880b99c41f04c5a98,1628,97.3738964454301,10,0.562214790775454,31966,469,42400,15130
baa1018388b5f037d2ed9ebb81143de6,1628,96.0058773236777,8,0.560535769686846,32255,471,42400,15130
98db8fc7d0159b622c323cdfaffe8c03,1628,10.3842691922419,1,0.560485413505366,42362,472,42400,7275
26c45510500c1c013949e3a0a7958e60,1628,96.1293976389678,8,0.55980414183949,32241,479,42400,15130
0e9429722109ba8afd217350b893db70,1628,115.551476701241,9,0.559578240533476,28367,480,42400,15130
fa81aeb90f8c5102f00042a99cb8344a,1628,115.277518668032,9,0.558954313084529,28399,481,42400,15130
b2a933d0b2ad7671354026b2cb78a4e1,1628,96.1341111025431,8,0.558522185324129,32240,488,42400,15130
e928f31ddd68557d4bdde435f549b47f,1628,114.416354980747,9,0.554118356329948,28546,497,42400,15130
b30a9907aa3a0a0e80d52ed2f8e10cc8,1628,97.5595999165856,10,0.5520039782638,31933,503,42400,15130
1b63d47150fd2eafefa9195d6a61d422,1628,126.675878329829,10,0.551523991517111,26894,510,42400,15130
999dd696a42ea37a2336c40173c7945c,1628,107.909649634727,10,0.551347165503323,29822,511,42400,7277
0d57b855257af69996f62287551029d9,1628,128.525606412766,10,0.549535352866419,26606,515,42400,15130
bdf8ab1af03fd45739444c213bc8dcc1,1628,96.6690844533038,10,0.547220702777383,32119,516,42400,15130
b1ae73afd4b1ac34b92118a733009790,1628,96.8216465738953,10,0.536945732537663,32095,521,42400,15130
f11467faa4cf2c1e92c7e24617861ab6,1628,156.606543533121,11,0.535835712227179,23629,522,42400,15130
d9458606fee0bb75d1ec3a8ea388245a,1628,337.516571888918,11,0.535119693726355,10106,523,42400,11284
c969736273b7bbb65fc8046a54512db4,1628,337.516571888918,11,0.535119693726355,10106,523,42400,11285
272d29842679aca917775d323e4b24b8,1628,337.516571888918,11,0.535119693726355,10106,523,42400,11283
e4651579d845696928fdd98b9dc2c365,1628,336.106649809108,11,0.531606093465625,10158,526,42400,11285
af080381c49cc419859436dcd1cde07f,1628,336.106649809108,11,0.531606093465625,10160,527,42400,11283
8f6b6eb38ee319431575a38629458ccc,1628,336.106649809108,11,0.531606093465625,10158,527,42400,11284
e51c943a94962411b241098005810e50,1628,97.5777813731228,10,0.531275642933365,31927,529,42400,15130
52810d1833bb834683aa614093721569,1628,338.600985333817,11,0.526994949665713,10051,534,42400,11284
433a94f27e5064f63250b53f6ce6b0c2,1628,338.600985333818,11,0.526994949665713,10049,534,42400,11283
e7fc7f9fea8cad8793efa2302a8a3d78,1628,338.600985333818,11,0.526994949665713,10049,534,42400,11285
4956a48c2fdc7a73070abf4066170e59,1628,115.612573567955,11,0.526919908385069,28361,537,42400,15130
4cf4812355fcb80fce235f9987f00bdb,1628,116.295298349513,11,0.523772916146907,28262,539,42400,15130
e96c53b72baf87e751a03fc0c9fd91da,1628,378.128558391038,12,0.522641131788003,8616,546,42400,11283
67685318fee483dac2d3ad9fc55cd554,1628,378.128558391038,12,0.522641131788003,8616,546,42400,11285
fc5ff31e74ae2736df3d18e0d6a3ce47,1628,378.128558391038,12,0.522641131788003,8615,546,42400,11284
d2999c0d760c4463249b486b8364304d,1628,73.6134109891986,5,0.519948349876598,36895,550,42400,15130
935b54d603c579a9d12924b464bada36,1628,116.780957584933,11,0.516800476908227,28186,555,42400,15130
0e6f66caddbe2729ccf13c4aba757d95,1628,114.436895996178,11,0.512119814196137,28538,558,42400,15130
676331760aba86d9d140c366b8b3b049,1628,116.314794930013,11,0.511746422050262,28259,563,42400,15130
be83930dacd62e976a2af65155c62d16,1628,330.052572552955,10,0.504932599704532,10519,574,42400,11283
937ae1cb53acefb74b40b887cc870e56,1628,330.052572552955,10,0.504932599704532,10521,574,42400,11285
12398322514fd7ea0ad6da1f058cbae6,1628,330.052572552955,10,0.504932599704532,10519,574,42400,11284
bdba2a8b77241886a9580d954dbe3919,1628,335.694316289258,10,0.499499641759726,10183,582,42400,11283
25c650169b77672078fedca6024ab9a9,1628,335.694316289258,10,0.499499641759726,10184,582,42400,11285
0147fc30882bd3fa6c9da40539312799,1628,335.694316289258,10,0.499499641759726,10184,582,42400,11284
506ea36c17311672c80088e13061ba61,1628,334.071839498519,10,0.498670800614662,10306,585,42400,11283
13ac12ee5a8fe4201a110f8a69d13c35,1628,334.071839498519,10,0.498670800614662,10308,586,42400,11284
cb6f9b3e45b14c003e9fa7aa41306835,1628,334.071839498519,10,0.498670800614662,10306,586,42400,11285
66de8b26be6e2b6f8b7feeacfe7bb02e,1628,109.445577938502,11,0.497553433552773,29499,588,42400,7277
cde6311250e32e0cbb41f72624317cb6,1628,58.1088799664587,6,0.488071740275115,39358,594,42400,7277
242adb592fe6858ec489835e9778c1b4,1628,378.432376646303,12,0.485647280966933,8604,597,42400,11283
4dcc3d4ddd3cf12937b8f8395b910455,1628,378.432376646303,12,0.485647280966933,8605,598,42400,11284
adb5aa0b43b7efbe354dc3506488769c,1628,378.432376646303,12,0.485647280966933,8603,598,42400,11285
7a43db05412ac8a5812cf3ec9005a85c,1628,295.921928517587,9,0.485292061992272,12472,600,42400,11283
b02a45560d7d8aee3a44b9430103e611,1628,295.921928517587,9,0.485292061992272,12472,600,42400,11284
a77330a1c4551825c2bb0246d78edec7,1628,295.921928517587,9,0.485292061992272,12472,600,42400,11285
8c40f3cd7fceeedfa640b68e15b3c89c,1628,163.686680317907,6,0.478022394586358,22948,611,42400,11284
e5b5573b46bb3f42b5b3e510eec9b475,1628,163.686680317907,6,0.478022394586358,22949,612,42400,11285
630192681b2a41812fae3bfb20006c4b,1628,163.686680317907,6,0.478022394586358,22949,612,42400,11283
4c389158e52aa0033b2c9d24d32ca4f5,1628,144.764243320237,12,0.477553348860227,24721,614,42400,15130
e7f960e94afe0a8311f92cf352d2654d,1628,295.586752088847,9,0.47611893458053,12485,616,42400,11285
fb74f450d5af7fb5a12a055eaf9f79e8,1628,295.586752088847,9,0.47611893458053,12485,616,42400,11283
5e61568feea18699872d99d98eaff0cd,1628,295.586752088847,9,0.47611893458053,12485,616,42400,11284
100307ae78d59397577cc4c8e10b9651,1628,335.192574835511,10,0.467403878827327,10206,626,42400,11285
2792b30704429130a74ea5ad2631a7a3,1628,335.192574835511,10,0.467403878827327,10206,626,42400,11284
0d76abd4189e1e270963ba67c897b991,1628,335.192574835511,10,0.467403878827327,10206,626,42400,11283
88caee8753fc9ded94cc3a4ce477376e,1628,9.87205181991749,1,0.46133041949215,42375,631,42400,7275
249e05c8e56701a00910e847e7977eaa,1628,11.7065980980351,1,0.460347424864417,42335,632,42400,7275
87d276aba8406ddc0eb7235e85c770f2,1628,173.929234567229,5,0.460111624593823,21977,633,42400,11283
6beb4358282e6b51732b866061ca9eb4,1628,173.929234567229,5,0.460111624593823,21979,633,42400,11285
91b787b4c40c1e7901a023b41c056498,1628,173.929234567229,5,0.460111624593823,21977,633,42400,11284
9cfd79c550414181f36311193cfd727d,1628,88.2366148979334,9,0.44530994978078,34062,659,42400,15130
ec2b37ed0d3f6dde25b52df9f88e39eb,1628,338.213894914818,11,0.443747572583072,10079,660,42400,11283
a0634911a360a95f990e396b67abcbf9,1628,338.213894914818,11,0.443747572583072,10077,660,42400,11285
e98d0485678ff6b13db3552fed9ac726,1628,338.213894914818,11,0.443747572583072,10077,660,42400,11284
8bc7247dedb92bae1838fd60d1a6c686,1628,612.982432381374,20,0.436810173681789,3129,666,42400,11285
a1abc22b10497cbcb352a850082c2dea,1628,612.982432381374,20,0.436810173681789,3129,666,42400,11283
463fc95530f06d19256676321bba4878,1628,612.982432381374,20,0.436810173681789,3129,666,42400,11284
ce6072bc6c60a0328de80cdfeef13d13,1628,107.126338604041,10,0.434010110260172,30003,670,42400,7275
5113b48747aad78e10de54c6e30a4d7b,1628,106.440648024996,8,0.432962069859691,30151,671,42400,7275
73750659cfb1edba62fd30618136d569,1628,107.523096913604,10,0.43291684935721,29919,672,42400,7275
001ae5ceae52554f7f3c4e5ba3ddce21,1628,107.044678875302,10,0.42538349564372,30020,677,42400,7275
d5343fee88eaa03c1ea0acc4ede1f93b,1628,201.577326686764,19,0.422130002118224,19748,680,42400,7277
294e5ee0430b2947bbd4bc3a2a5dc7f7,1628,116.570586629778,11,0.420583804175093,28218,681,42400,15130
b940799ed2d50df8433d320d54958c39,1628,96.3566687555244,10,0.417976193825456,32183,684,42400,15130
add9e0e72d4c0466b8a779bbbb211613,1628,110.062408717073,14,0.417753752809456,29376,685,42400,7277
97b24a9e346699e3d7a9577a3442b401,1628,221.196812324,13,0.415616141425701,18037,688,42400,7276
ce74a33ed9dc4e85e08ba841f83cfe3c,1628,221.196812324,13,0.415616141425701,18036,688,42400,7283
5b6243ecfa52ec14cc4d3ac73496986e,1628,9.74650341065976,1,0.408652693205806,42376,696,42400,7275
29e41f9b6bed0f7efe6a1e904b035006,1628,67.2909468880108,6,0.406059622773158,38080,698,42400,7275
b982485d7ea313122bd25a884a0c0932,1628,116.129398187019,6,0.393410169622944,28282,722,42400,7283
613260895496ce2af535328dbea979d0,1628,116.129398187019,6,0.393410169622944,28281,722,42400,7276
19db269ef7386f1bc3a78e266c534c46,1628,108.008799036261,11,0.389052854836833,29798,727,42400,7275
fe93d2ef9d4b6694989ad208dae36a6a,1628,100.060238528108,11,0.386072543023556,31442,731,42400,7275
c4c715eae892957bfaa3e39e691e0093,1628,67.7317639933575,9,0.382246478154861,38010,736,42400,7275
02eca191523878079ddbbae82333a10c,1628,47.9749880161609,6,0.359756811872934,40719,777,42400,7275
110b8b57123df021af18b2a6018963dc,1628,106.774207969415,10,0.357978151467214,30085,780,42400,7275
f0d7ddbc9fc9cf35568964064d7b2b18,1628,67.7672576315852,9,0.357405436160934,38001,781,42400,7275
6d9511716028cd0ee6780c287251ad2b,1628,106.407960344982,10,0.356437103743363,30159,783,42400,7275
d0b9205f47d980b1564a4e6cad583893,1628,106.595103490254,10,0.35341960525511,30126,793,42400,7275
9323da6110c8a283c779992c9ea43d0d,1628,107.028813923985,10,0.34633212622579,30025,811,42400,7275
66ee756be8bd33a9df0149d56c4a0d4d,1628,66.3402388952062,10,0.34140735118558,38222,820,42400,9544
aa2bdf40fdba9a50754a00cc4d2e8860,1628,10.1114028889692,1,0.32814079164421,42366,841,42400,9544
65d6c31c26b8022189dda666813e84af,1628,47.34895610382,7,0.321086032064152,40750,852,42400,7275
c59c361f179d816c7afcfb94b16cd14b,1628,106.755674036653,10,0.319852493530054,30089,855,42400,7275
0373330bf5753b32b51d8de4904ab002,1628,47.1257708481582,5,0.318970694375877,40762,856,42400,7275
8133569452ecb645a0cd2066e3bc85da,1628,64.7300071917748,6,0.285830527027986,38468,912,42400,9544
90b283728e4bbcebebc2b1d6c89876a3,1628,57.2556846169213,9,0.270696054285594,39458,934,42400,9544
691f3f59fb515503db29be02f6a4df8b,1628,56.9193304671734,9,0.269903237747364,39506,936,42400,9544
0975288d88de2f872856eb9b014c16c5,1628,92.711860161302,11,0.267995394085331,33008,941,42400,9544
e78ac1078e8c1df0769a4e96789fc4ec,1628,97.3731493222853,12,0.266808154323199,31967,943,42400,9544
e8f794355cb1f2f16f12a076ed934b8f,1628,57.4344976241312,9,0.265368840227483,39435,947,42400,9544
ca78cd88ed131e3064d259441255c1b7,1628,57.1339263887817,9,0.265251796207196,39472,948,42400,9544
1745dd5651da502c49912b550024058b,1628,57.7271321088703,9,0.265174604537961,39414,949,42400,9544
0cf399a59d1d7719b9d8cd9a6091ff57,1628,57.6384941458435,9,0.26508866688259,39424,950,42400,9544
11d1743ed70b3425386d58130079e86f,1628,66.1332983263561,10,0.244215485969882,38265,987,42400,9544
2e70ea6230a65dc8f06d0362ddc78a45,1628,57.8470212541177,8,0.221753375319413,39401,1021,42400,9544
7e0c6ba537bc54ca6ec86e50667f3c4f,1628,57.2573890323963,8,0.220886791748525,39457,1023,42400,9544
990fbe27a0da098c30b6377581c49c34,1628,57.2915896486694,8,0.220782685667972,39453,1026,42400,9544
9462d9fb8f363092941fc34e04338db3,1628,11.4601093133684,2,0.205494768823915,42341,1052,42400,9544
0d3d3e4b65c91ad668445516f9694982,1628,57.0389472819402,9,0.205454957019348,39489,1053,42400,9544
e105e338a49e71ec91008cbae5d49370,1141,1091.44886834299,13,0.0400657475744503,713,1363,42400,5038
d7a30279a0b1f5df7c5cf1c254d3a9c0,1141,1091.44886834299,13,0.0400657475744503,715,1364,42400,5043
f51326b014639bbe9b6bdbf3688acc81,1141,1091.44886834299,13,0.0400657475744503,715,1364,42400,5044
80824f20ec0722c26772d517887f6d05,1141,1091.44886834299,13,0.0400657475744503,715,1364,42400,5042
2e34d617d3a2bde3654acfdb015556ea,1141,1091.44886834299,13,0.0400657475744503,715,1364,42400,5035
9236d7b2ee86a3115474fc853376c55c,1141,1091.44886834299,13,0.0400657475744503,715,1364,42400,5033
0428773e55e3f6ca520a4c7df0feb335,1141,1091.44886834299,13,0.0400657475744503,715,1364,42400,5040
4a21e753175757e8285e6dc2674bfa0a,1141,1091.44886834299,13,0.0400657475744503,715,1364,42400,5039
aab447affb061a42fbc8d1c6dc27468c,1141,1091.44886834299,13,0.0400657475744502,713,1371,42400,5036
b6fd2cf4a36ff2d9027927d217f440fd,1141,1091.44886834299,13,0.0400657475744502,715,1372,42400,5037
cc2723d3ca536526dc39dfaffae2d81e,1141,1091.44886834299,13,0.0400657475744502,715,1372,42400,5034
465cfb1bfbcd6da0b48fc5a2e063758f,1141,1091.44886834299,13,0.0400657475744502,715,1372,42400,5041
e6ea15279d6f7c9d13cdbb0fb69a9b25,1141,797.845437524533,10,0.0352990494983043,1665,1400,42400,5042
d45a878e3e6f90cc92cf26ec5ed82af5,1141,797.845437524533,10,0.0352990494983043,1665,1400,42400,5039
802b67ec0aa2388e89b490ee5613081e,1141,797.845437524533,10,0.0352990494983043,1665,1400,42400,5040
d5238f20263e44594a2fb7654f32e546,1141,797.845437524533,10,0.0352990494983043,1665,1400,42400,5035
e5154f3b9006088236b4e6e976e0dcf5,1141,797.845437524533,10,0.0352990494983043,1665,1400,42400,5034
197eba547db37ca58dcaec991a4e60a4,1141,797.845437524533,10,0.0352990494983043,1665,1400,42400,5043
0cc946e66d23bb75405399edc5cc7bae,1141,797.845437524533,10,0.0352990494983043,1671,1406,42400,5037
f9691c8861b6bac8ab81766dcf9c5c55,1141,797.845437524533,10,0.0352990494983043,1671,1406,42400,5041
deb157f9c88869f585d31acfc7756c77,1141,797.845437524533,10,0.0352990494983043,1671,1406,42400,5044
e1881c1277647586e7b5346513d25964,1141,797.845437524533,10,0.0352990494983043,1674,1409,42400,5036
ed6a9d20bfbea1330f8d2f37919cf89f,1141,797.845437524533,10,0.0352990494983043,1674,1409,42400,5033
8d31eea3eb1cd188a5d67a8b9abe0114,1141,797.845437524533,10,0.0352990494983043,1674,1409,42400,5038
01216a7919a12ef216118909f8383902,1141,1090.54533517348,13,-0.0901399556455466,725,1775,42400,5034
0c8c22d637ceb5ecd7f11e9618ffb28c,1141,1090.54533517348,13,-0.0901399556455467,726,1776,42400,5033
cb1d7f462f92797bf61406926a46d09c,1141,1090.54533517348,13,-0.0901399556455467,726,1776,42400,5039
19310dfb3f472633ab0d3143535570ff,1141,1090.54533517348,13,-0.0901399556455467,726,1776,42400,5042
4f9c8ec1284c49bdbba36ccb32e93bbd,1141,1090.54533517348,13,-0.0901399556455467,726,1776,42400,5035
fcd20f32dfae06d0b3f2428c6f4bbe79,1141,1090.54533517348,13,-0.0901399556455467,735,1776,42400,5038
349f6ce601c017416bf1d422e0f8825c,1141,1090.54533517348,13,-0.0901399556455467,726,1776,42400,5037
ad3ea61a5ea02e7df6d1e5f5e4e1d6fa,1141,1090.54533517348,13,-0.0901399556455468,726,1782,42400,5041
38973b53e25dc92c91d4220512ee5621,1141,1090.54533517348,13,-0.0901399556455468,726,1782,42400,5040
5d8bda8d85c969c11aca2ef4d0e55fb0,1141,1090.54533517348,13,-0.0901399556455468,726,1782,42400,5036
e7a5951fc663587a1c6f19c20f507d48,1141,1090.54533517348,13,-0.0901399556455468,726,1782,42400,5044
3e77d352b094fb55544c111ee64f9b15,1141,1090.54533517348,13,-0.0901399556455468,735,1782,42400,5043
514e85398f9fce7b2b1e0cda415deda7,1141,797.807558110346,10,-0.227047967694537,1683,2386,42400,5038
92e37f83014819d9485d793d3ded795b,1141,797.807558110346,10,-0.227047967694537,1683,2386,42400,5033
6f81af2f2cc642a6045c3b526fd713ca,1141,797.807558110347,10,-0.227047967694537,1677,2386,42400,5040
9d400d16fef13c209cbc1bde6132fca6,1141,797.807558110347,10,-0.227047967694537,1677,2386,42400,5043
535dc03b8f1243f678869b07ae829415,1141,797.807558110346,10,-0.227047967694538,1683,2390,42400,5035
51cffdb66f5511b963127d245f7347d1,1141,797.807558110347,10,-0.227047967694538,1677,2390,42400,5041
0af3a1a2a404aa4b0b019d23ae6153c9,1141,797.807558110347,10,-0.227047967694538,1677,2390,42400,5042
5a76fa7b64cc14edebec209e86d9c101,1141,797.807558110347,10,-0.227047967694538,1677,2390,42400,5034
08f96a38bcd10aeaae3a281baeba3620,1141,797.807558110347,10,-0.227047967694538,1677,2390,42400,5037
6d72008c40b15c8109152a7d261a2236,1141,797.807558110346,10,-0.227047967694538,1683,2390,42400,5044
97d7b6c2de93543888623112fe73d180,1141,797.807558110346,10,-0.227047967694538,1683,2390,42400,5036
6c0c47838befd275b2436aadc3ca6d42,1141,797.807558110346,10,-0.227047967694538,1683,2390,42400,5039
a6c42d2391a8f87f424c815b280074b6,1141,155.190242874116,19,-0.285085827218353,23782,2735,42400,5045
c684a9ecd8f7fdf6ab77b114bce614df,1141,207.966852763314,17,-0.404823161663447,19144,3778,42400,5045
a38438c7f66aa4248a1b8bd8d1c1246b,1141,229.431938808466,17,-0.539268635107388,17416,5225,42400,5045
68b755d46d1a9a937aafee36083fee16,1142,251.816554633332,19,-0.622468083094852,15647,6254,42400,5059
22e127dcb0306fbab468eef0cbe824e3,1120,83.8340071283422,9,-0.63769567230604,35061,6491,42400,4921
e58855a3386ff2109504e7fe1fadb7d4,1141,1455.52635979356,14,-0.79307962881822,217,9187,42400,5043
b65004110ab5f031d80504713e3885d8,1141,1455.52635979356,14,-0.79307962881822,212,9187,42400,5036
1d08bcc624ac53ac735615290c972b23,1141,1455.52635979356,14,-0.79307962881822,212,9187,42400,5034
9800810c282a6c4b7b238bb805fa4a32,1141,1455.52635979356,14,-0.79307962881822,217,9187,42400,5044
6b085f290c6364a5b2b303c419721ecb,1141,1455.52635979356,14,-0.79307962881822,217,9187,42400,5037
fa62b96d54b1046b6843c1ec95e87904,1141,1455.52635979356,14,-0.79307962881822,217,9187,42400,5041
a9a29cd7826568daa53a2e633fba816a,1141,1455.52635979356,14,-0.79307962881822,211,9193,42400,5033
4fa3980072e028c505b79a9820035031,1141,1455.52635979356,14,-0.79307962881822,212,9194,42400,5040
1ae5884aba2289f7627c2c561d2af568,1141,1455.52635979356,14,-0.79307962881822,217,9194,42400,5039
58cc249de2e6d293b3d9997274d332cc,1141,1455.52635979356,14,-0.79307962881822,212,9194,42400,5035
3883cd8163ae2c09a947d6fa6d4a0aac,1141,1455.52635979356,14,-0.79307962881822,212,9194,42400,5042
b581eaeb37ae7c1195633284899f6ea7,1141,1455.52635979356,14,-0.79307962881822,217,9194,42400,5038
8ea29adb7553ee41cd037b9a52521842,1142,163.705820254095,15,-0.801655597484362,22947,9375,42400,5059
d82e44410992ca77b0d61f1f5239d338,1142,1242.82075786576,11,-0.864945263762641,341,10603,42400,5058
f878325b1cd5ec29fef3787920a1fad4,1142,1242.82075786576,11,-0.864945263762641,341,10603,42400,5057
10564444a8bdbec7ef6a5f19b58421e0,1142,1242.82075786576,11,-0.864945263762641,341,10603,42400,5055
dc3378510cd395e6082440f5032ec0b4,1142,1242.82075786576,11,-0.864945263762641,341,10603,42400,5051
5764707faa25e3a6756f5accf7efd78e,1142,1242.82075786576,11,-0.864945263762641,341,10603,42400,5052
5d0ec532264a5b749ee86fa77cae4de3,1142,1242.82075786576,11,-0.864945263762641,341,10603,42400,5048
c7da79667ae67c9a277391b3544c3105,1142,1242.82075786576,11,-0.864945263762641,341,10609,42400,5053
da7b23f83a48006518f7ad35d6c9540b,1142,1242.82075786576,11,-0.864945263762641,341,10609,42400,5056
2224fba8032d344fd58b0c38441545a5,1142,1242.82075786576,11,-0.864945263762641,341,10609,42400,5050
3dfab0587c903063f91861296646ab53,1142,1242.82075786576,11,-0.864945263762641,341,10609,42400,5049
9cc0fdc0d87f9c1fca3ebd9e7d00313b,1142,1242.82075786576,11,-0.864945263762641,341,10609,42400,5047
49cdd37b6c1df70e8f2de2b750ab59b3,1142,1242.82075786576,11,-0.864945263762641,352,10609,42400,5054
2f5b5f375d6299b761c3e4f77f6f8470,1120,104.844361678487,13,-0.880197566606952,30487,10976,42400,4920
a6ee049b36228628bf13fb0fb29eb280,1142,267.728300106001,19,-0.916886674611432,14579,11805,42400,5059
be102bf3f8fee1469cadb040726d64e8,1178,155.866403627966,10,-0.91744667139607,23703,11829,42400,5204
7f0d9e0d9b67c77eec7e8e78449520c9,1178,155.866403627966,10,-0.91744667139607,23703,11829,42400,5205
637eb01321abae176c5b95aca9399bc3,1142,1100.49134133992,13,-0.92625368602642,686,12078,42400,5058
cc67a78ef7821ca83ffa9d12222876d0,1142,1100.49134133992,13,-0.92625368602642,686,12078,42400,5049
c1d71a980ffc0d036fd235192aab2351,1142,1100.49134133992,13,-0.92625368602642,686,12078,42400,5053
450ac85e7281dc032cf8b37fafb90d13,1142,1100.49134133992,13,-0.92625368602642,686,12078,42400,5057
76bdca587b7524e975fc78559e0a843d,1142,1100.49134133992,13,-0.92625368602642,686,12078,42400,5055
985b1ccfcb5d8dff126e85ae4c40bd17,1142,1100.49134133992,13,-0.92625368602642,686,12078,42400,5048
b2c8708a5632b71b5e0b82db88ef0e1f,1142,1100.49134133992,13,-0.92625368602642,686,12078,42400,5050
ba8dd01408bbc310aa4ff858a42b6c11,1142,1100.49134133992,13,-0.92625368602642,686,12078,42400,5052
4d75a80322c50280ead42e1c316df6e5,1142,1100.49134133992,13,-0.92625368602642,686,12078,42400,5047
0768d416a0b0c00eb3a20f0db79eaa65,1142,1100.49134133992,13,-0.92625368602642,686,12078,42400,5051
37f9c916a77709d8812f80e424f01bfa,1142,1100.49134133992,13,-0.926253686026421,686,12088,42400,5056
dc2ef2c77ffeda32ec8f749a7277514e,1142,1100.49134133992,13,-0.926253686026421,686,12088,42400,5054
4b6762cbcd5ea1408781eb3ab3f9b09b,1120,104.352645516372,9,-0.9299924670074,30606,12167,42400,4921
a5d85624fd7d6d1be307b6eb14bf0115,1120,131.28248183559,13,-0.942412204380502,26191,12437,42400,4920
5e8e6932c87649c165bd75541074deb2,1141,1210.57195647467,13,-0.951001269756962,431,12634,42400,5044
c24f745e7c75304f02ee763653044f35,1141,1210.57195647467,13,-0.951001269756962,432,12635,42400,5042
84e09ee4cb65720191cc900137c4412c,1141,1210.57195647467,13,-0.951001269756962,432,12635,42400,5040
b6666990922b28910f07cb31401b1659,1141,1210.57195647467,13,-0.951001269756962,432,12637,42400,5033
6c04774ebbddaca659cdbee05a585c3f,1141,1210.57195647467,13,-0.951001269756962,438,12637,42400,5035
bb3a8ff9c28cbd3ba3bc2f313f694ad5,1141,1210.57195647467,13,-0.951001269756962,432,12637,42400,5038
6bad0f5efa6816209b30fa2620a0d5eb,1141,1210.57195647467,13,-0.951001269756962,438,12637,42400,5037
7080fbd4c0a2b128fffeaaba7c27c4d3,1141,1210.57195647467,13,-0.951001269756962,432,12637,42400,5043
c7531b51ef3fe683d69f4714dcf053f5,1141,1210.57195647467,13,-0.951001269756962,432,12637,42400,5036
a228c38b9df24fa83c6a7e8587ffd9d0,1141,1210.57195647467,13,-0.951001269756962,438,12637,42400,5034
132861611634fcb481fdc372b8be956d,1141,1210.57195647467,13,-0.951001269756962,438,12637,42400,5039
bdd8d945082b712d6f05d15de458f5ca,1141,1210.57195647467,13,-0.951001269756962,438,12637,42400,5041
d11e52dd3edd091ebc4e3c1a0b344ccb,1120,127.973724131383,10,-0.99707000732001,26718,13724,42400,4921
ad1f6fbedb418d93a59c95af608d91b8,1142,35.6020037301654,5,-1.00230676824612,41504,13852,42400,5046
b75079ae0491282642a05eb122f84365,1120,83.6800045389125,8,-1.02762552225074,35094,14433,42400,4921
b084e39acd0cb4a2d589235d00832df6,1120,86.3907123474602,8,-1.03775183469582,34487,14669,42400,4920
66edb52787f30c8fdb10d984be3f4c2f,1142,54.301197260888,8,-1.04349922890464,39896,14800,42400,5046
dcaf1b2eb2deeb687ae7895e981d1982,1142,34.5118788300216,5,-1.05186348811709,41546,15043,42400,5046
fd92fcc76d33fb136074802b5c2326db,1142,189.739785367807,15,-1.06551366159161,20737,15347,42400,5059
985e0db26d2f612ae7bca0d63790809c,1142,33.6581382900943,5,-1.06620291942654,41578,15357,42400,5046
2aa142e1d6dff235520d91061c051360,1142,1215.2680685954,13,-1.06868503451953,407,15417,42400,5056
e94b28b34292b2aa013751ec40da929a,1142,1215.2680685954,13,-1.06868503451953,411,15417,42400,5050
7a4e148df9e50009650abdacccadd2f5,1142,1215.2680685954,13,-1.06868503451953,407,15417,42400,5057
fc06b3d94cc38d9e4b45207b40f2eabb,1142,1215.2680685954,13,-1.06868503451953,407,15417,42400,5047
e67f167125d129802570f01cc0e6c688,1142,1215.2680685954,13,-1.06868503451953,411,15417,42400,5054
22b608463dd6a3b2f04fb68b5a7aacd4,1142,1215.2680685954,13,-1.06868503451953,411,15417,42400,5053
f8f8cd1759a27217596fccc8a9028a0c,1142,1215.2680685954,13,-1.06868503451953,407,15417,42400,5048
caeb01b0a2ce713b8e62547d449baa80,1142,1215.2680685954,13,-1.06868503451953,411,15417,42400,5052
621590c18661836e0f4858e8f8ab268a,1142,1215.2680685954,13,-1.06868503451953,411,15417,42400,5049
54069b5a8a76957e0ea83da1e51fe1f1,1142,1215.2680685954,13,-1.06868503451953,411,15426,42400,5058
8f4dd5482915b848a5af0d9852979734,1142,1215.2680685954,13,-1.06868503451953,411,15426,42400,5055
50bb486759c39cf572ef80bfb9d857ff,1142,1215.2680685954,13,-1.06868503451953,411,15426,42400,5051
561c97a9d65a65de40d9d207ba0e23a2,1142,786.734248530829,9,-1.07097268744819,1765,15484,42400,5049
a04bf37cedee4fed3a1f8aae36a0c6de,1142,786.734248530828,9,-1.07097268744819,1769,15484,42400,5058
515d4ca0b60b382e64570e20f6668859,1142,786.734248530829,9,-1.07097268744819,1765,15484,42400,5050
cdb46ade1a5b0ff9800bbc1bf2e6fc66,1142,786.734248530828,9,-1.07097268744819,1769,15484,42400,5053
7af3e6e22dcc5ab794fb4cd3dd561c1d,1142,786.734248530829,9,-1.07097268744819,1765,15484,42400,5056
cb604f54622532380329a8acbb8b1190,1142,786.734248530828,9,-1.07097268744819,1769,15484,42400,5052
da3e8e7737ce610b0080d374ca4842c2,1142,786.734248530829,9,-1.07097268744819,1765,15484,42400,5054
a4a35a2edef3749176a2d465b4a34726,1142,786.734248530828,9,-1.07097268744819,1769,15484,42400,5047
cc45ef87c474fb655b04aa96f6a148d6,1142,786.734248530828,9,-1.07097268744819,1774,15484,42400,5057
39fb2b55f061047fe7134a15c98c3e85,1142,786.734248530828,9,-1.07097268744819,1769,15493,42400,5048
aa7f97d99db44df50ee9c32f968b4f24,1142,786.734248530828,9,-1.07097268744819,1774,15493,42400,5051
b920db43bd271ffd2f705d93a910115f,1142,786.734248530828,9,-1.07097268744819,1774,15493,42400,5055
7ee313bb432978c55195a38a5a2df54b,1142,1366.71649107641,11,-1.08814995210769,263,15867,42400,5054
29ddba5cbb7352b81986547150312097,1142,1366.71649107641,11,-1.08814995210769,253,15868,42400,5058
3d9516f0c13b86f78beea581ba95205d,1142,1366.71649107641,11,-1.08814995210769,253,15868,42400,5053
7fefedb5dadce75a258901073eaedb31,1142,1366.71649107641,11,-1.08814995210769,253,15868,42400,5050
43e1ed6fdcd00dc7a7879fd915f6fc02,1142,1366.71649107641,11,-1.08814995210769,263,15868,42400,5048
06a365b61e173e0bc8b5cef6fcba00c8,1142,1366.71649107641,11,-1.08814995210769,253,15868,42400,5047
41e61aa62658144b14dda5c1adfec528,1142,1366.71649107641,11,-1.08814995210769,253,15868,42400,5055
d61601c1a69716ad4adeeeff12ec1808,1142,1366.71649107641,11,-1.08814995210769,253,15874,42400,5056
32b8e95f0431c86010cea4b687936d6a,1142,1366.71649107641,11,-1.08814995210769,253,15874,42400,5052
30844101fcf1a6896885620268196545,1142,1366.71649107641,11,-1.08814995210769,253,15874,42400,5051
62fea84ec61ff1cf19a901bc31f89622,1142,1366.71649107641,11,-1.08814995210769,253,15874,42400,5057
6a81281da5bd9a34b3570f6cf62f9ed5,1142,1366.71649107641,11,-1.08814995210769,253,15874,42400,5049
8d8e7cdd3ea6cb4924cc685941cb66c7,1142,1089.30724752044,12,-1.09423585682698,737,16007,42400,5056
26d8438e94d2516c0887d9d153e5ff17,1142,1089.30724752044,12,-1.09423585682698,737,16007,42400,5057
6193dc7104285d1ee9c5e61945c52c04,1142,1089.30724752044,12,-1.09423585682698,737,16007,42400,5054
91c42e1232cda860b1692fe5225c4624,1142,1089.30724752044,12,-1.09423585682698,737,16007,42400,5052
e78a6d9a0403e8415aeac993b50c6112,1142,1089.30724752044,12,-1.09423585682698,737,16007,42400,5053
ab3325d11eb1f1553917072b1bf82640,1142,1089.30724752044,12,-1.09423585682698,737,16007,42400,5049
18c4bfce2bdf3e43d5e3d4010575f56d,1142,1089.30724752044,12,-1.09423585682698,737,16007,42400,5050
ddf954855561156b265d02f6a4fae868,1142,1089.30724752044,12,-1.09423585682698,744,16007,42400,5055
565eeb2be5e3bd6a1d0b9c111ba52f28,1142,1089.30724752044,12,-1.09423585682698,744,16007,42400,5058
f3e5b3eeeba4449e150b821191c3c12d,1142,1089.30724752044,12,-1.09423585682698,744,16007,42400,5047
a4b8ea08e8fd1ca92e06064a8a3c50a0,1142,1089.30724752044,12,-1.09423585682698,744,16007,42400,5048
a519a2cf93a74d576ff9a472dd2b7ec9,1142,1089.30724752044,12,-1.09423585682698,744,16007,42400,5051
8e3d47dc2c7601c8b1539af31ddebf55,1120,73.7174176979126,6,-1.1000806598339,36870,16150,42400,4913
0e60d104572508241c93976fe5d6f14b,1142,109.555285627887,13,-1.10214722736817,29468,16193,42400,5046
fd01a8d9d1c651ec15cdc3f59ff857e6,1120,125.712412303575,12,-1.11496236847332,27020,16472,42400,4914
6de4ecdb0e82566b2254cc593702140c,1120,73.7920516139936,6,-1.12000925334904,36857,16574,42400,4914
412ed2b0db059df6e5c32044e41b4760,1141,1689.30604128512,13,-1.15067107721041,44,17272,42400,5042
9e3d4d6d4b252c572ea6c51cc4275cdc,1141,1689.30604128512,13,-1.15067107721041,48,17273,42400,5043
f0c9aa8a8b7f7239a864f1951c725328,1141,1689.30604128512,13,-1.15067107721041,48,17273,42400,5037
05e3126247696459c81769226a4ee28c,1141,1689.30604128512,13,-1.15067107721041,44,17275,42400,5041
e67385963ecf5ba1d8e99c692aa93c32,1141,1689.30604128512,13,-1.15067107721041,43,17275,42400,5033
0c601fceed0bee55658b947ef585d12b,1141,1689.30604128512,13,-1.15067107721041,44,17275,42400,5035
79cb60de3e5032ad4d0b2f13c1db7214,1141,1689.30604128512,13,-1.15067107721041,44,17275,42400,5039
55d71bb1cac7aa4e884d70945bebfadf,1141,1689.30604128512,13,-1.15067107721041,48,17275,42400,5038
9bd24abab3075f2cd56988a7a7191025,1141,1689.30604128512,13,-1.15067107721041,48,17280,42400,5036
ee294c4c23439b38691b1cd06efcdbed,1141,1689.30604128512,13,-1.15067107721041,54,17280,42400,5044
aba8b43fa89b64ca5ad3c0962b79a654,1141,1689.30604128512,13,-1.15067107721041,48,17280,42400,5034
e873737b11441e924de661caa9f0acb9,1141,1689.30604128512,13,-1.15067107721041,48,17280,42400,5040
fe64581cc80704ec6bad58a972615cc1,1120,132.563456355682,14,-1.15549889270066,26061,17406,42400,4920
7e77cf69a6c69eb2fcc825f80369297a,1120,83.7935435503436,8,-1.15684521915342,35070,17427,42400,4916
2d36674700f0587e1da13521dd05df82,1142,1081.76030084894,12,-1.18989752966799,761,18182,42400,5057
45f52247b56e7f3678e19cb626463e89,1142,1081.76030084894,12,-1.18989752966799,761,18182,42400,5054
196f648cb6d8dc0c7a849403badf6cba,1142,1081.76030084894,12,-1.18989752966799,766,18182,42400,5050
a3b599ef18f8366ded06612b79e21ec5,1142,1081.76030084894,12,-1.18989752966799,761,18182,42400,5051
651b4a0a4bdf5efb4149d98f110e599c,1142,1081.76030084894,12,-1.18989752966799,766,18182,42400,5047
21bfa9e136aca17bfd10ce7669359a6f,1142,1081.76030084894,12,-1.18989752966799,766,18182,42400,5052
e2656116a6d2e1f96d5fefb93da0e332,1142,1081.76030084894,12,-1.18989752966799,766,18182,42400,5049
aa1216152c1fad749805fd26b3ad28f3,1142,1081.76030084894,12,-1.18989752966799,766,18189,42400,5055
e6dfcdcb0408e6ae83741a5ca488143b,1142,1081.76030084894,12,-1.18989752966799,761,18189,42400,5053
6f629dac2d6a904e5c873b3d567e84e9,1142,1081.76030084894,12,-1.18989752966799,766,18189,42400,5058
c1cb777365b2099819ac431c292cd8d9,1142,1081.76030084894,12,-1.18989752966799,766,18189,42400,5056
b828f1903892f159331377fb90460c9b,1142,1081.76030084894,12,-1.18989752966799,761,18189,42400,5048
9ac3fc8db8a63d14f2d25c5b612097b3,1120,73.7433391349552,5,-1.21221926612111,36868,18674,42400,4913
3e6314fb111499a0d71f1f1ab0af2bc0,1142,783.836349364497,9,-1.21271109206085,1813,18689,42400,5050
379c44144044eb07f1b30784b5dec1f7,1142,783.836349364497,9,-1.21271109206085,1814,18690,42400,5053
fb2e667c1f3d0bf55a88a8ea0ffbc205,1142,783.836349364497,9,-1.21271109206085,1814,18690,42400,5057
d6777bf22ce3bc5921c4a76a26abc42b,1142,783.836349364497,9,-1.21271109206085,1814,18690,42400,5056
02282189b83e5f3a9a0fe776e87afbd7,1142,783.836349364497,9,-1.21271109206085,1814,18690,42400,5047
47c956289a0dd8f81fcfe7a461237327,1142,783.836349364497,9,-1.21271109206085,1814,18690,42400,5058
cf3f52b3ef96d274a0b435d9e7af5a4b,1142,783.836349364497,9,-1.21271109206085,1823,18690,42400,5051
262449b7ff6576475f471803f1250eae,1142,783.836349364497,9,-1.21271109206085,1823,18690,42400,5055
4b3a5cc297e579b8e7d5baea135eff36,1142,783.836349364497,9,-1.21271109206085,1814,18697,42400,5052
e133c8703b7c9a91e89504b93cb487d9,1142,783.836349364497,9,-1.21271109206085,1814,18697,42400,5049
b728eb4b2e9866117980c0b7ff79df09,1142,783.836349364497,9,-1.21271109206085,1814,18697,42400,5048
d5cf38978fa2da43afb6935f37e74ba9,1142,783.836349364497,9,-1.21271109206085,1814,18697,42400,5054
a5515e3fe2e2899413f7ddbc94ad6062,1120,74.1946050748528,5,-1.21423732359537,36773,18757,42400,4914
bbbabd08c76179387a2865e1b8b7dae7,1120,73.7963350707763,5,-1.22101567906905,36855,18893,42400,4914
80974c4e6f7ef34f224710724ddf5886,1120,122.665784800992,10,-1.22845613042192,27424,19089,42400,4921
68384ba1a07e5db5a8600bccb05e963e,1120,129.777838125044,12,-1.23160638043888,26383,19216,42400,4921
7e55ed505a664e469571660feef0b2ee,1120,132.568655880666,14,-1.23521035030098,26059,19330,42400,4920
7048c46db6ae25d6830bf111286ab0c5,1120,74.4635125920887,5,-1.24528856943307,36719,19557,42400,4913
828d950ba9e0689f7c0e87947797e50e,1120,129.740205199667,11,-1.2517748789129,26390,19739,42400,4921
73724327bba59e690d3154e41b6903be,1120,127.576485282192,15,-1.25453001308686,26781,19802,42400,4914
894ea174ed9b49551f796d5e567d4575,1141,1308.45111619361,12,-1.26429466519073,281,20006,42400,5038
b0cd8f540dc4fe492890ec033a8a968c,1141,1308.45111619361,12,-1.26429466519073,287,20007,42400,5041
9a0ba9c2bf41f7c60a0b4517e35e64cd,1141,1308.45111619361,12,-1.26429466519073,281,20007,42400,5044
50787da46071d539b87eef919ff1b6af,1141,1308.45111619361,12,-1.26429466519073,281,20007,42400,5035
db3d62b7c99bc5dc4a22c46036468c3d,1141,1308.45111619361,12,-1.26429466519073,281,20007,42400,5043
b061c24b9162140702798b8f6720514e,1141,1308.45111619361,12,-1.26429466519073,277,20007,42400,5033
ffe0e882dce896481ad073c0a7c661f7,1141,1308.45111619361,12,-1.26429466519073,281,20007,42400,5036
bf59f951ef2deff25bffe29efae7d862,1141,1308.45111619361,12,-1.26429466519073,281,20013,42400,5042
fe525ac57cc2def4b9b7f9dbb77c762f,1141,1308.45111619361,12,-1.26429466519073,277,20013,42400,5034
8a4ad22ac6a3060a3e3c03ade0b9a916,1141,1308.45111619361,12,-1.26429466519073,277,20013,42400,5037
f4687bfbe2ce3ec6ca95174ddc0059ea,1141,1308.45111619361,12,-1.26429466519073,277,20013,42400,5039
638befd099b987875dbaa9ee1393121a,1141,1308.45111619361,12,-1.26429466519073,287,20013,42400,5040
111dabad86ad2479a0633f4f5eb5abd1,1120,127.81626410471,14,-1.27311485736918,26738,20206,42400,4914
245869f11e576bbaaff94cbb25fb299c,1120,106.298797370159,13,-1.28603395628961,30180,20503,42400,4920
61ad911c6eec26d0435f039afac1e3bb,1142,104.842728616394,9,-1.2861940374348,30490,20507,42400,5046
dcb64d6c3355024095aefa529494f654,1120,83.6536942600131,9,-1.29139021753231,35101,20612,42400,4919
f43a74fc081eaa658cdec6ec88e5b815,1178,81.4097366961905,9,-1.29350661130262,35459,20657,42400,5198
695ff5fb79796a433fd888faf1830d1a,1142,1200.42287996766,12,-1.29557118331261,466,20735,42400,5047
dc2c341eff1a851bbee12ffeea7d2dcd,1142,1200.42287996766,12,-1.29557118331261,466,20735,42400,5052
913c77516f4febd6dc112a275830f66a,1142,1200.42287996766,12,-1.29557118331261,466,20737,42400,5054
5f5fa8106886883a5cf5f747b936f50f,1142,1200.42287996766,12,-1.29557118331261,466,20737,42400,5056
9d12a732a65f37ab20d5a34fa15a5f59,1142,1200.42287996766,12,-1.29557118331261,466,20737,42400,5049
88f90f58cdc0468ef473cb8be6201a49,1142,1200.42287996766,12,-1.29557118331261,466,20740,42400,5055
a21bcaae9c02a168f20fa304a7107372,1142,1200.42287996766,12,-1.29557118331261,466,20740,42400,5058
271e9ba672e7fa483446046ac00f1df4,1142,1200.42287996766,12,-1.29557118331261,465,20740,42400,5050
a6785b8a4fb876ca57c70d3f9602775f,1142,1200.42287996766,12,-1.29557118331261,466,20740,42400,5053
ab1b8b57a7ed09abae3de73fed79bc77,1142,1200.42287996766,12,-1.29557118331261,466,20740,42400,5048
45908174c774f484927cb5a6693c6dea,1142,1200.42287996766,12,-1.29557118331261,475,20740,42400,5051
2a8d4b016d4edeabf8654a94d974eee5,1142,1200.42287996766,12,-1.29557118331261,475,20740,42400,5057
0722351b5b3f401a2ed9e5b4b25c9009,1120,104.100936992279,9,-1.297297239582,30652,20781,42400,4918
c48a29812e0dbd26a3cd2f14e9704403,1120,73.9127011850421,5,-1.30466179421376,36820,20952,42400,4914
b4b9c7221ca7fed6385388c468df0653,1120,127.646616386676,10,-1.30694328381658,26767,20994,42400,4918
d2ea0d1eb63cf4a3f30565a68d96b750,1120,127.932669544621,10,-1.31354463540984,26723,21121,42400,4919
3a53194b323b430ade2bdf73e4bf1faf,1120,106.886297390769,13,-1.31647872477924,30064,21190,42400,4920
54a9a85cf30c254411a533dfa338300c,1120,127.989976603815,10,-1.32374074747922,26713,21339,42400,4917
3a23627cf190a781691283b056b80c7f,1120,104.319167086316,9,-1.33048514948013,30614,21475,42400,4919
b639da6cdb5253092ac47046f984352b,1120,83.807431993565,7,-1.33184663320313,35066,21523,42400,4919
8dee86e897939b3372f487b62403a24b,1120,104.30402145831,9,-1.33969257613458,30616,21702,42400,4916
56113f990555193061c5ba54f28d7a0b,1120,83.7722757761178,7,-1.3520105206797,35073,21943,42400,4917
a84b6cc94596b260556cbffab42f9672,1120,127.920021160398,10,-1.35927585144284,26730,22078,42400,4916
13469f21749f3b30f2cce06906d5b721,1120,104.360678446426,9,-1.37000785810379,30603,22256,42400,4917
0cd9b43179a2352e5d2d37b07d8973f8,1178,397.304001643833,9,-1.3701556645104,7764,22262,42400,5200
c249a6765bc5ad3591edf0049677690d,1178,397.304001643833,9,-1.3701556645104,7765,22262,42400,5199
91918ac4614b69089a08430af1772f9c,1178,397.304001643833,9,-1.3701556645104,7765,22262,42400,5201
88d10d32e7526cdd58a9a0404745f13f,1178,397.304001643833,9,-1.3701556645104,7765,22262,42400,5202
cf1c245aa41ad5ec7e01d5a4fb803e7a,1178,397.304001643833,9,-1.3701556645104,7765,22262,42400,5203
2ed47036fdac53544c0c31c3df8cda65,1120,74.0733263924556,5,-1.37177879287001,36797,22312,42400,4913
829d1e45a53b2c9f36b0dc00f0012c2c,1120,83.0344293775875,7,-1.39437427311661,35211,22835,42400,4914
bdb28f3773fa25d9ebb4a0cfb72d2a23,1141,1211.11766990064,13,-1.40466137652616,421,23057,42400,5040
3088801278ac80d6e5a5df71a3a47924,1141,1211.11766990064,13,-1.40466137652616,421,23057,42400,5037
61f5dfa40a77ebd17605384bc633624f,1141,1211.11766990064,13,-1.40466137652616,419,23059,42400,5036
7c50e06569214d263cca2bfd90c86194,1141,1211.11766990064,13,-1.40466137652616,421,23059,42400,5041
ecf02d22b974188ed78b57124be7a69b,1141,1211.11766990064,13,-1.40466137652616,421,23059,42400,5035
936c67aed0c3694deffd1d0f1011d5c2,1141,1211.11766990064,13,-1.40466137652616,421,23059,42400,5033
87a1eb9ce6f4543423c871c8392feedf,1141,1211.11766990064,13,-1.40466137652616,419,23059,42400,5034
def83d74e14aea7213b594a1aad309fd,1141,1211.11766990064,13,-1.40466137652616,421,23059,42400,5043
2a178bb739e6815e222c4b4f5e6376d6,1141,1211.11766990064,13,-1.40466137652616,421,23059,42400,5039
5644cffc0811d7aaac59eaf604e5daf2,1141,1211.11766990064,13,-1.40466137652616,421,23059,42400,5038
f2389e37e68bd528d2d2451898c8ff77,1141,1211.11766990064,13,-1.40466137652616,421,23059,42400,5042
a36b37604c37f94395b5623017f34433,1141,1211.11766990064,13,-1.40466137652616,421,23068,42400,5044
726c4af47036f48fb082fb833f6ea38c,1120,86.4501456695349,8,-1.42490757467862,34468,23503,42400,4920
8250642835a156925d556eb851b3df31,1120,124.577960562474,11,-1.42837992704602,27144,23583,42400,4920
ca286568c49beeecf14405a3ac9c73c4,1120,129.705188222103,12,-1.44149784419466,26397,23874,42400,4919
05e575c3c0276d92185d09c400561a3e,1142,1080.55858280246,12,-1.45265374505227,777,24036,42400,5051
dfb020d1577d7e5f017d9fd291ff275f,1142,1080.55858280246,12,-1.45265374505227,773,24036,42400,5057
666b6f61cb226751be5e0a1d6415b2cc,1142,1080.55858280246,12,-1.45265374505227,777,24036,42400,5047
7215eb3b424942d84108681e60f705b9,1142,1080.55858280246,12,-1.45265374505227,773,24036,42400,5056
18c0b32ec239c28a50e153f514ee7202,1142,1080.55858280246,12,-1.45265374505227,777,24036,42400,5054
d8abd0af0704d3a4dc7321a774415f32,1142,1080.55858280246,12,-1.45265374505227,773,24036,42400,5052
289491518619fb5aee874711ce1d88f4,1142,1080.55858280246,12,-1.45265374505227,777,24036,42400,5055
e00cd865c80d2699de8563cb7bf7e24d,1142,1080.55858280246,12,-1.45265374505227,777,24036,42400,5049
415e31620e6ae807dfe08ec1d3621d6e,1142,1080.55858280246,12,-1.45265374505227,777,24036,42400,5050
807b19cc09ca8e5c1c8c52bd1bec7134,1142,1080.55858280246,12,-1.45265374505227,777,24036,42400,5058
10c6b2e40160a0cb28c3bf768c3c497d,1142,1080.55858280246,12,-1.45265374505227,777,24036,42400,5048
dc8a52905e6b01ca89487cc8922b0c9b,1142,1080.55858280246,12,-1.45265374505227,773,24047,42400,5053
b4cbc32b0bcd36bddc537ad293b020d6,1120,83.932563834958,7,-1.45585339678832,35040,24112,42400,4918
1c61c99c84b4a7ba408cda76d37e644f,1142,73.7971750025053,9,-1.46406601720509,36854,24290,42400,5046
5e005eafd86f41178e8e7ca38ee3ed23,1120,128.3093889251,13,-1.49118869899584,26660,24775,42400,4921
ac7ce973858bcfd3550a84004afd10a5,1120,122.070193598525,12,-1.50207129663216,27518,24966,42400,4921
995e15eb87b0d0b4a2032128b669cb01,1120,129.735427685878,12,-1.52562320626507,26392,25341,42400,4919
06d3c47a36d03d2364b28b016c77d976,1120,129.717161522765,12,-1.53099762977261,26396,25464,42400,4916
f4da779ed5bed93ed990612a50f35051,1120,107.183518624536,12,-1.53484873842853,29991,25556,42400,4920
7a259c7a15114f5e91a30af78690cdcc,1120,103.9550102465,10,-1.5534578061066,30681,25888,42400,4921
9915bee53b127fa3ab33778c0e0996cd,1120,157.871404590716,12,-1.56071365329088,23520,26054,42400,4921
c1da8f7880b6122d85c3dd1a13d33c2c,1142,87.5484977689639,10,-1.56654448924202,34235,26172,42400,5046
59958e9e51970fb1e7e6e370fa99fcbf,1178,80.7219354214331,9,-1.56781159357035,35575,26211,42400,5198
8698ad443b1dffa3a2e17af929836c11,1120,104.941067490111,9,-1.5905407071707,30468,26602,42400,4921
e2094ee123018a694adc7172706d2c26,1120,129.680174771001,11,-1.59910821389375,26404,26769,42400,4916
d0028cae00e18846354a3abbeeac4f49,1120,103.679561584507,10,-1.60130955709018,30750,26850,42400,4921
73b162436395ab4c9e5b5fec2e013412,1120,129.747780789307,11,-1.60327434638089,26388,26895,42400,4917
bf753f8010c6df46ff8becbe748e5ddc,1120,122.626433676719,10,-1.60638048536364,27428,26950,42400,4919
572f84d35895ae3182d40380bc8ae51d,1120,104.349832322711,9,-1.61447373015514,30607,27070,42400,4921
2755d46ea9fefd62e0333baf6a33feb2,1120,102.456437930509,11,-1.63437392925884,30987,27429,42400,4920
5c2e0f94c83b2813116ef41736e09dc1,1120,129.189407670528,11,-1.63692642972097,26496,27468,42400,4918
2f3b0f08d713e7a812a8b5338e002f85,1141,1310.90113324579,12,-1.65539549363556,268,27837,42400,5043
5baff1f8bb80a57f30ccc460e013c8cb,1141,1310.90113324579,12,-1.65539549363556,268,27837,42400,5044
ccb209eb4a18ffbb1c4028ec03ff64f8,1141,1310.90113324579,12,-1.65539549363556,265,27839,42400,5033
81a8d61e230368383505f224cdd42705,1141,1310.90113324579,12,-1.65539549363556,265,27839,42400,5037
b72e64b468ee986543f925c54779590d,1141,1310.90113324579,12,-1.65539549363556,265,27839,42400,5034
f9f5817d3b10dbff1866f89a14412496,1141,1310.90113324579,12,-1.65539549363556,268,27842,42400,5035
1a21ac37e2fb8ce7dcdbb7cac3cdf6cc,1141,1310.90113324579,12,-1.65539549363556,268,27842,42400,5036
b0e4b3454d36f6a571f6cfdf9d9a1353,1141,1310.90113324579,12,-1.65539549363556,268,27842,42400,5038
458b202130e8743b9a9b3578918b8f7d,1141,1310.90113324579,12,-1.65539549363556,268,27842,42400,5039
6b7d2f3e70c66b505155bd23c8b5ec78,1141,1310.90113324579,12,-1.65539549363557,268,27846,42400,5042
c120da8b08f15d6bf219c3327b6a5aa1,1141,1310.90113324579,12,-1.65539549363557,268,27846,42400,5040
7f9434c681b58da91c38ef7f6ec3fb4b,1141,1310.90113324579,12,-1.65539549363557,268,27846,42400,5041
04e2cb6bd1b95ece8967eb99b32321cd,1120,132.565708594399,13,-1.6756011857779,26060,28216,42400,4920
628fcbdf3617203754aeaa69bad6a785,1120,129.787827612309,11,-1.67684444570494,26374,28228,42400,4917
da972348b836fab3bb50cf36b377fd44,1178,156.933931217642,10,-1.67728647380242,23598,28232,42400,5204
54124707775f779dccc93298f8c64215,1178,156.933931217642,10,-1.67728647380242,23598,28232,42400,5205
a45949027023e7cfd5ad49ad0669fd41,1120,125.54425119725,12,-1.6788531304675,27044,28262,42400,4920
c9d9a9791d5f7f10ec1fd5caec8b9e47,1120,83.6420235164716,7,-1.68296609441029,35102,28316,42400,4916
8ba0b91b0a83835c17820c45a8e8411c,1120,83.6181341566976,7,-1.68704905223952,35106,28395,42400,4917
825969096bd65efeb0a9729d5c6bd2ff,1120,79.9707112692336,9,-1.6927301443617,35705,28500,42400,4921
96bc0b0ed4885c79915f2487e03ad261,1120,104.843861591867,10,-1.69350710075657,30488,28510,42400,4921
94e0dce935f94fcccb05fb374a240a46,1178,389.537508126616,10,-1.70089402896212,8036,28656,42400,5199
98125054991305f109b0b22a38f89799,1178,389.537508126616,10,-1.70089402896212,8032,28656,42400,5201
6772ad8100422cada75064ef13122331,1178,389.537508126616,10,-1.70089402896212,8032,28656,42400,5202
0846c671c49ecf196f831048684d4740,1178,389.537508126616,10,-1.70089402896212,8032,28656,42400,5203
a2da19c091a7778813fafcd9e08a1f49,1178,389.537508126616,10,-1.70089402896212,8032,28656,42400,5200
08db365bf8adaeea8cb9b22fd612e8b9,1120,156.823443291453,14,-1.70446211069814,23615,28730,42400,4914
1dc83f64d2250fa77887d5077de0b292,1120,106.992297446092,11,-1.7066107530128,30035,28757,42400,4920
45aa683180a0071e01110621fe2215ab,1120,129.300738286036,11,-1.7087862719544,26482,28774,42400,4918
e97a3bbf21a1c1d65ffb8ef50e608cf7,1120,83.8057733127591,7,-1.71277988387987,35067,28831,42400,4918
9257bf9a46eb510184235b5511e7412d,1120,157.820764719057,13,-1.71738676222852,23524,28894,42400,4919
7af3d7123bd7d8b450afdd625bef1e57,1120,157.798546738072,13,-1.72345971461775,23526,28998,42400,4916
5859f9f8d2b6b64574f2e9513ced8720,1120,83.1852646400817,7,-1.73662854822697,35171,29234,42400,4914
ea07830853d96407a8a248f2d6dd0434,1120,128.269119162997,13,-1.75096613622438,26669,29502,42400,4919
2a95f41a08c39d2978af5580f100e5b0,1142,1234.34196079185,11,-1.76547548544026,367,29688,42400,5057
5261bd12e94b0c8e9c33aa508eec8587,1142,1234.34196079185,11,-1.76547548544026,367,29688,42400,5047
e38e68a0b130fad035a43f63fe77dce2,1142,1234.34196079185,11,-1.76547548544026,367,29688,42400,5050
dd254f3e5c013c35f0707e2f3579535b,1142,1234.34196079185,11,-1.76547548544026,367,29688,42400,5051
1f4f55f05036dd528c6aab68edb15e16,1142,1234.34196079185,11,-1.76547548544026,367,29688,42400,5056
b17c1c80a89a1461da2f3960807d6165,1142,1234.34196079185,11,-1.76547548544026,367,29688,42400,5053
73e40560095c9f6d4e434e605b7c10dc,1142,1234.34196079185,11,-1.76547548544026,367,29688,42400,5054
3d59e78d1b44b86856cee21ff71697ce,1142,1234.34196079185,11,-1.76547548544026,367,29688,42400,5052
7d9f9a96318f78736b5802825a89dd1c,1142,1234.34196079185,11,-1.76547548544026,367,29688,42400,5049
6a65ffd880ae1b4f858def1583acc7a7,1142,1234.34196079185,11,-1.76547548544026,367,29688,42400,5055
98b56cdf1c8d49ed8356c4668a104132,1142,1234.34196079185,11,-1.76547548544026,367,29688,42400,5058
3aa056ef1abd0c8aaad28d5434bf5b44,1142,1234.34196079185,11,-1.76547548544026,378,29688,42400,5048
867a5d451d67b214027613bf3248cff7,1120,122.568874636717,9,-1.79535155467726,27440,30129,42400,4918
7ebdd03a3066ffeb681275b843542f7a,1120,162.759485864229,12,-1.79735222928382,23037,30165,42400,4920
f4f7fef341361ca497faacf913e4a1ad,1120,122.609168575289,9,-1.80238357382059,27430,30224,42400,4916
69717b3eb4d6100559e5e80b5d4b7d8b,1120,62.4373530488717,8,-1.80260594629007,38785,30229,42400,4920
d985f130016a77225b05a4981c209177,1142,1167.717569679,11,-1.81530389017126,532,30396,42400,5056
0e64142ada5b92f30095c5db0e20cb8e,1142,1167.717569679,11,-1.81530389017126,527,30396,42400,5053
5610f2fdc5c5be62af27b7774c8dc690,1142,1167.717569679,11,-1.81530389017126,532,30396,42400,5048
cca88da1fa180372c9b8a5730cb3c685,1142,1167.717569679,11,-1.81530389017126,532,30396,42400,5057
7ab150e303fe54c7d4e9a679d0473294,1142,1167.717569679,11,-1.81530389017126,532,30400,42400,5051
96e22864a474fb2f1c37fd51a6c72ba1,1142,1167.717569679,11,-1.81530389017126,532,30400,42400,5052
13b00bb5ba9409cfe5df1c07b995439b,1142,1167.717569679,11,-1.81530389017126,527,30400,42400,5055
3e6dba45a79498678c57c35086a93485,1142,1167.717569679,11,-1.81530389017126,532,30403,42400,5049
ce6a42b42b6dfe86acdeb36251732d3f,1142,1167.717569679,11,-1.81530389017126,527,30403,42400,5050
96945d40c06d9dfa11d6ce96d84661a9,1142,1167.717569679,11,-1.81530389017126,527,30405,42400,5054
902bdb06cdaa0cd97ca08317b41c22d5,1142,1167.717569679,11,-1.81530389017126,527,30405,42400,5058
bca0f83ccd533d79a1ee7e21d19b4aa0,1142,1167.717569679,11,-1.81530389017126,532,30405,42400,5047
19791ffbd8e208b71534ee9cfb5ee4aa,1120,122.079589632956,12,-1.82201306299384,27514,30517,42400,4917
56731deb0a73c145ff58cfc9c44209f1,1120,122.675226845506,9,-1.82784838315193,27423,30602,42400,4917
1d640b09ae1ba700bf9af86818a30ed7,1120,84.7948734484185,9,-1.8503034721713,34885,30947,42400,4920
2c946c967de14470fd7f86197de32575,1120,100.832988784015,9,-1.85337332318597,31249,30996,42400,4921
2bcdfc0229ee8656436a0519391c1907,1120,157.883555296097,12,-1.89239073034955,23518,31527,42400,4917
ede71a608ab92a301125b9a2ec9f7cbd,1120,103.922444301368,10,-1.90857411650772,30686,31716,42400,4919
7158151c02068452b313dc48b282f7b3,1120,128.186275155281,12,-1.91018399689206,26682,31735,42400,4916
4af5c64ed9b7965acc2969e27da8f34d,1120,104.111731157003,10,-1.91572088128286,30648,31813,42400,4918
3885993e273b0c0065dc1f279575ac97,1120,122.23251960048,11,-1.91622824852046,27486,31818,42400,4918
2191b5b3b05cb13a6bb9b612d128a11a,1120,102.734020795489,10,-1.93830874566677,30929,32085,42400,4914
2c4e39cf28ad4c87784251034a43bd2f,1120,108.273602956849,10,-1.94902767965154,29736,32202,42400,4920
cec39c0d2bd3690821f1bbd3f650690b,1120,103.654622607919,10,-1.95940393769637,30758,32350,42400,4919
59b91cfa0695e3cc39a18c49921ed1cf,1120,104.135833321788,9,-1.96009768640079,30641,32366,42400,4918
88f993086ba2e41b63dcb21cda3c0a5d,1120,122.031034228043,11,-1.96278179704177,27523,32396,42400,4919
7900c15bd95829e5835505aed05b9c1a,1120,104.724705648149,9,-1.98191070511912,30517,32625,42400,4918
7bb0af11e3fbd1414dbf3b2536313168,1120,104.907400339627,9,-1.98860809053748,30471,32686,42400,4919
0014773d298296f7d48c26e0cb789b59,1120,104.892629052288,9,-1.99283793814196,30474,32734,42400,4916
dee0e534f9548f6551f5bdba7e07fd3c,1120,104.316354791639,9,-1.99380965830915,30615,32756,42400,4919
78e5327fa83b71998e5462fb8a63f51a,1120,104.301666698835,9,-1.99512516099,30617,32768,42400,4916
72d4a8ebb07d5c4bea2b31f39aa2d89d,1120,128.404294095885,13,-2.0069123292775,26638,32889,42400,4920
7e0628f77e84d335a6ee75f0a4a766dd,1120,100.618117899568,10,-2.01029133755218,31293,32955,42400,4914
db5dd47df34abee31874a825dd7611d8,1120,104.949145702395,9,-2.0190426500874,30463,33059,42400,4917
2b55d60c195535fbe4c69e9d5917f080,1120,104.356744216795,9,-2.02170203510582,30605,33092,42400,4917
0aee41abe5078f77505335d05c12b17d,1120,128.664846296455,11,-2.035738420884,26588,33257,42400,4918
f1ceb37a3d9817ca4e64d3815ce38444,1120,121.93378028709,13,-2.05481454142544,27540,33437,42400,4914
2c37f3e244ecdd57e99dcbf9e29438e3,1120,104.798050977385,10,-2.05809726311714,30498,33472,42400,4919
4bca3623eda46cfcbef73ee0af555ca9,1120,79.9450524989559,9,-2.06882824531644,35709,33586,42400,4919
5999d2f206711317c15920e6e0eaa794,1120,128.319455389813,11,-2.08854454262063,26653,33752,42400,4917
a349497dc6f903abb77f011a3fd49f30,1120,127.299584997272,11,-2.11340548631753,26813,34016,42400,4914
4de80619621f2423e3afb8920575d49f,1120,157.142925616186,11,-2.1341073792535,23586,34219,42400,4918
78a62528310b551b1a31df5679849fbd,1120,125.159981122503,11,-2.13543404360934,27090,34229,42400,4921
8cf5f1df27d11a10ab83eba8565fede2,1120,103.127475298717,9,-2.1388821703722,30853,34270,42400,4914
30e362bc9565a903a0aaf0e209b5a9d7,1120,103.922075797538,9,-2.14115785127786,30687,34290,42400,4916
83e31e9e56a9175272d1c14ad9dfd726,1120,103.963012534227,9,-2.15139309999471,30678,34380,42400,4917
9f259b03db1ff0d184880cdb3ce95181,1120,104.184646541039,9,-2.17586765465796,30635,34646,42400,4918
5b6980b45515a980940b55b2da19df05,1120,100.635700278386,9,-2.18234114073047,31287,34697,42400,4918
22e4c5b3699162239db7b4d5ac8459d9,1120,103.646389631072,9,-2.19712824297432,30761,34815,42400,4916
ee86c632a7378212833608b319a3051e,1120,103.687821842079,9,-2.20808606534347,30749,34928,42400,4917
e037c98538a86513f5bf2462c18b7422,1120,61.8728835619714,5,-2.214150858167,38872,34974,42400,4916
9f0a092ac8755c19294c00ed9f3abc53,1120,100.786447109197,9,-2.22642358667538,31259,35080,42400,4916
82cb5f0ce15a90095e8eaf65185cb00b,1120,103.756330764609,9,-2.24190660405091,30728,35216,42400,4914
21150f97c6a0bcfb69e2066a39ea05c9,1120,100.800724640884,9,-2.24477385665548,31253,35245,42400,4919
9d9cb1fa3206fb111bffb17592444381,1120,104.69797765477,9,-2.2592883670426,30524,35363,42400,4916
908b8ad08e06f62f019f88f5a45b7a0d,1120,100.840733732176,9,-2.27528067509379,31247,35475,42400,4917
687caea408677ccac412860296cf4ffe,1120,54.2513408685685,6,-2.31055258786795,39903,35727,42400,4914
12ec2a835c29734920ce04e18de9ffa0,1120,104.754388578797,9,-2.32747642064064,30512,35839,42400,4917
5ddcd4f721dea71b2c2339ff524be189,1178,66.217554536434,11,-2.34051497440194,38251,35940,42400,5196
948f8d6766a896d48198bcec9cafa1a0,1178,109.405762620941,7,-2.34138119121347,29507,35948,42400,5196
119b51de39b12605bc12be35d94e21a8,1178,278.912926173134,9,-2.38541391008783,13722,36248,42400,5204
309ce7f15695b43de04f99eccd5b5fe2,1178,278.912926173134,9,-2.38541391008783,13722,36248,42400,5205
fe285744a1d00a2401d955ab68fa0121,1120,122.01375167072,9,-2.38688169114883,27529,36263,42400,4916
bd15bc0f7b4a7cd68db3377d069e6e53,1178,82.2170257819423,9,-2.41301049945038,35332,36462,42400,5198
cc7aed18e990429645dda16213ad28b8,1178,66.6956537685614,11,-2.41447260270654,38177,36469,42400,5196
402057076f5a902e0219322bccdabc81,1178,157.380889825971,10,-2.42136693962135,23559,36531,42400,5205
246bcb9cfd615c7cc3720d21f1e1f3b8,1178,157.380889825971,10,-2.42136693962135,23559,36531,42400,5204
424f39a9905528a17140abe17b800344,1120,124.243610073086,11,-2.42427158686821,27183,36559,42400,4918
2bb67339e0f5dc935bbda97929d8912d,1178,47.6589807250751,9,-2.4250849949121,40726,36561,42400,5196
e2bfab57679d99aca2a3f993222caf73,1120,125.119830729012,11,-2.4431769511358,27096,36654,42400,4919
a6f32904f56fe956f11a3c7ceab45d1d,1120,125.036254464988,11,-2.46791230859483,27104,36816,42400,4916
8140a2893f87fdbbe20c419fe2b9aee7,1178,47.774390177339,9,-2.47145796900458,40723,36834,42400,5196
e3a5083a49aad79744c8fcf22d7e1c4c,1178,66.7038805574521,11,-2.49268666190426,38174,36943,42400,5196
869a2d50e39fe3ad9faa74e7605a1710,1120,82.1769449666516,6,-2.5050872589819,35342,37024,42400,4921
84b4abac43815bfe89242f02214630e1,1178,125.635608047358,11,-2.52100696665181,27031,37121,42400,5198
5024fa41925c1f301bdd3b83157928e3,1178,66.8693445950536,11,-2.52860485443848,38140,37172,42400,5196
bb29a028937b377f91a9195ba891d039,1178,697.247423157723,12,-2.54052725192939,2305,37246,42400,5201
93cfd41a34a2b13c7d045dfc39bf11c5,1178,697.247423157723,12,-2.54052725192939,2303,37246,42400,5202
df05ca65077853ea27f2cc4603e07b48,1178,697.247423157723,12,-2.54052725192939,2305,37248,42400,5200
0c3bcfc7e07313dc282b033e13006c81,1178,697.247423157723,12,-2.54052725192939,2305,37248,42400,5199
3479f63ad5f0c9171cf73e4f33933ad1,1178,697.247423157723,12,-2.54052725192939,2303,37250,42400,5203
b49583a5292edcd4098e234d88f35727,1120,94.1521756225369,7,-2.55762478778083,32677,37356,42400,4913
fcaaefb81303010b78579c6e4b697fd3,1178,47.2153229245171,9,-2.56174521054032,40757,37379,42400,5196
72804e3de50caa5822d82381349e19c1,1120,104.870380377436,8,-2.58212332463216,30479,37487,42400,4918
58a48610459075f903ca20f51e8487d2,1178,124.106172556485,11,-2.595801970212,27207,37539,42400,5198
2babb14d4c6322ef17e5bcd5821330c6,1178,66.5901042037015,11,-2.62269070852443,38185,37669,42400,5196
416e204ac7cdfe7991615ac6b25acb7e,1120,94.7382779340908,7,-2.63646604883394,32538,37755,42400,4914
830c0767de485759d04a2f56f6938177,1178,47.3504279825224,9,-2.64298554807995,40749,37781,42400,5196
96936ce6b65937c2063eae5209c5c8e9,1120,83.2245233017774,7,-2.64920746392379,35163,37808,42400,4920
8951cde01310ed11378adad50b1eeb2f,1178,81.8195547550635,9,-2.65641430190485,35393,37844,42400,5198
c0ea7d77228edea7ca3d660101fb7868,1120,79.9052351745725,7,-2.67135426926854,35718,37904,42400,4917
d705c8721a60c7d736764f21f8297720,1120,80.0053757436646,7,-2.67911191216469,35699,37948,42400,4918
0ee289f3688bbeb06311aa0eaaace7a1,1178,279.746015208873,11,-2.68914562049223,13652,38027,42400,5204
3c1c2b3342bb35aa75f5380adef4d44d,1178,279.746015208873,11,-2.68914562049223,13652,38027,42400,5205
03624ace9ebea22729def32aa40e60ce,1120,78.9939019907147,7,-2.69404622620865,35863,38050,42400,4914
fb9486eb844b8be608aa180a39a1003c,1120,125.16961494641,10,-2.69459314999847,27089,38056,42400,4917
ba08f4c6ea69a3917f5b960d070490a2,1178,66.8711668415879,11,-2.70443553950274,38139,38109,42400,5196
76d92496f4d330e7af2f6e48949b4b5b,1178,606.708763682893,10,-2.70675089100962,3195,38122,42400,5199
fed52493cc5ce8a2a7b46f3af9c309f8,1178,606.708763682892,10,-2.70675089100962,3197,38122,42400,5201
bb045d86b3bea57a487a58faa9a86da5,1178,606.708763682893,10,-2.70675089100962,3195,38122,42400,5200
66e5c90a17f92dabda6f9c10f0a74bd4,1178,606.708763682892,10,-2.70675089100962,3197,38122,42400,5203
b946e392e43e508bdf718bab0f00a3c1,1178,606.708763682892,10,-2.70675089100962,3197,38122,42400,5202
2582d04c2c3d903ec0330e415e384456,1178,123.957472883194,11,-2.70811226176204,27231,38133,42400,5198
58cf06d7ef50562694eb1e9ebaabdcb3,1178,54.0878719577095,6,-2.70949458705876,39928,38148,42400,5196
9174e421048707b4cecb260d93fb0ab1,1120,79.9337948469552,7,-2.71464435247369,35712,38182,42400,4916
f6d2bafc30d72098e163137aa6e7407f,1178,143.11682593247,11,-2.74535111172023,24873,38329,42400,5198
fa1a1c9e9d770f4c4c4ab98eda5875e8,1178,279.758917011452,11,-2.7599880249537,13648,38399,42400,5204
aa8b1bfd504dbf4aeb7ee5d5506e79bf,1178,279.758917011452,11,-2.7599880249537,13647,38399,42400,5205
3e4595079b3f87666476c35ad9e6db44,1178,595.790186533151,11,-2.76431444944764,3311,38414,42400,5202
3b0313cec90d1150b6510dccf26f92bc,1178,595.790186533151,11,-2.76431444944764,3315,38414,42400,5199
51d1dd2560380321e1da81b8ad816e12,1178,595.790186533151,11,-2.76431444944764,3311,38414,42400,5201
41d92d70fdd3ae892d96efaad44ed3a6,1178,595.790186533151,11,-2.76431444944764,3313,38414,42400,5200
50c19d315111bbb9cc6bcd4ae5360bf0,1178,595.790186533151,11,-2.76431444944764,3313,38414,42400,5203
bbf688ac3a61d0306cad06ff203cd408,1120,61.8988266852007,4,-2.76780014905611,38865,38453,42400,4921
38feb380b18ff4e8359f22227c7b0ce7,1178,238.26886509603,9,-2.76962599698309,16676,38474,42400,5205
f6e8c2029906fde80f6b63d870fddb60,1178,238.26886509603,9,-2.76962599698309,16676,38474,42400,5204
0ff6106492d6e34ca65900dbdaa7b235,1178,156.859497483651,10,-2.77568570873717,23606,38510,42400,5204
9037f96c1a53ad14b9d82986566f986d,1178,156.859497483651,10,-2.77568570873717,23606,38510,42400,5205
999abeba64c60ec586739858b00009fd,1178,126.57581786909,11,-2.78142853047108,26912,38542,42400,5198
ad1c2fa7cf2ae96dcda25096392e5bd5,1178,394.901076749672,9,-2.79034723585501,7832,38580,42400,5202
08bcc91cb531bf6454d14d79cf5fcfa7,1178,394.901076749672,9,-2.79034723585501,7832,38580,42400,5199
ee24e47e1d1baa73e9d67d6128a85bd3,1178,394.901076749672,9,-2.79034723585501,7836,38580,42400,5201
001b4527aa28dc583cf80543a625f31b,1178,394.901076749672,9,-2.79034723585501,7832,38580,42400,5200
d431f006144bef6279ddec84f45d6f9e,1178,394.901076749672,9,-2.79034723585501,7832,38580,42400,5203
66fffb3f853e4d87c8c706c88deda635,1178,119.495725407058,11,-2.7984878766933,27820,38624,42400,5197
0446e999f2ccd17805c4f252f88d127e,1178,235.677904446857,9,-2.85130060868778,16898,38947,42400,5205
2ea913b4be8cda37125d15d5ee84a7b0,1178,235.677904446857,9,-2.85130060868778,16898,38947,42400,5204
0b7c42e472992b400104f259f7e9ce12,1178,698.795190263292,12,-2.8858304965206,2275,39151,42400,5202
f22fab1f1786295b82356d399d718da8,1178,698.795190263292,12,-2.8858304965206,2275,39151,42400,5200
0c9f4c93bf0be38d1755f0b9cba4ffd2,1178,698.795190263293,12,-2.8858304965206,2274,39151,42400,5203
38064873aaee7df6ae18154a9f6cf40f,1178,698.795190263292,12,-2.8858304965206,2275,39151,42400,5199
6343c3b14f400b7405797cd2f3886602,1178,698.795190263292,12,-2.8858304965206,2275,39155,42400,5201
95e39dc9240b03a5366b45ced28ace54,1178,607.816180539852,10,-2.90936094608347,3183,39244,42400,5201
35d38c40bb927206c9cd2b9386a54434,1178,607.816180539852,10,-2.90936094608347,3181,39244,42400,5202
44b32ddbba2261d98e302bba6cb31dcd,1178,607.816180539852,10,-2.90936094608347,3183,39244,42400,5203
537619fcba8ceacdcb97bbcaf7d885c3,1178,607.816180539852,10,-2.90936094608347,3181,39244,42400,5199
5bec53c1c85c950d474b038ff876d7a5,1178,607.816180539852,10,-2.90936094608347,3183,39248,42400,5200
d29a3814bd861804f0db93085a4bd496,1178,118.146399427137,11,-2.92294897633765,28021,39326,42400,5197
802beeb7f2cc2a69bfb264510d7c92ce,1178,239.029704592595,10,-2.93434497202811,16594,39380,42400,5204
5b093a8569d1317efd3239a1ebce4fd5,1178,239.029704592595,10,-2.93434497202811,16595,39380,42400,5205
52f7dfa88f69eda87dc5a4a4937774ab,1120,82.1385818948287,6,-2.95034913128883,35354,39443,42400,4916
c391b9e42426a52206e66d7b26eee720,1178,610.967195553467,9,-2.9503748766737,3149,39444,42400,5202
9d68b46b5c57e8bff6494c0f0f6f1a8d,1178,610.967195553467,9,-2.9503748766737,3153,39444,42400,5201
672538ce45a162cef541c65995a14d6c,1178,610.967195553467,9,-2.9503748766737,3149,39444,42400,5199
9a334abb3b988438ec6bec520e2e45cf,1178,610.967195553467,9,-2.9503748766737,3149,39444,42400,5200
54d7c141f6c2ee289e6d06a430cf6607,1178,610.967195553467,9,-2.9503748766737,3149,39444,42400,5203
703ef1adc616744c12e2ba7f13aaae0f,1120,61.4411254558108,5,-2.95059172884524,38932,39449,42400,4918
9466896cc5fd671aabfff3a73e4d11f6,1178,144.027033293056,11,-2.95522419422615,24807,39456,42400,5198
f8dcbff8748f583e48c5197e256ffde1,1178,689.17422499281,12,-2.95863263586956,2407,39468,42400,5202
183a01f3b413be50c6e799c6359f965e,1178,689.17422499281,12,-2.95863263586956,2405,39468,42400,5203
262491597ddb456b1dc7ed06a53eae24,1178,689.17422499281,12,-2.95863263586956,2405,39468,42400,5199
f703eb277d74a9933450e7c707ffc4ad,1178,689.17422499281,12,-2.95863263586957,2409,39471,42400,5201
777ef5bf2e5ea83a7c6499164948f93f,1178,689.17422499281,12,-2.95863263586957,2407,39471,42400,5200
0c0dfcf953741c57fcce3ab360765510,1178,389.121375284233,10,-2.9589796627101,8052,39473,42400,5201
e98156ea16b51188336363c4edda11a9,1178,389.121375284233,10,-2.9589796627101,8052,39473,42400,5200
8678b50a11d0720ecbdc1abf4f7d849c,1178,389.121375284233,10,-2.9589796627101,8055,39473,42400,5202
9e7b6de12e2548f436311f9c282190ef,1178,389.121375284233,10,-2.9589796627101,8052,39473,42400,5199
f5035e66f5f85eacbffd46db5ff1678f,1178,389.121375284233,10,-2.9589796627101,8055,39473,42400,5203
880a7ac5cef8be69023e8aebe0080283,1178,75.7390084963399,8,-2.96879796674155,36490,39495,42400,5197
6b6bbce1524b0f46f694c1aaaa2fbc49,1178,235.442536405053,9,-2.98566882790555,16923,39547,42400,5204
6e07e54d428c5c84e8138c0db50df514,1178,235.442536405053,9,-2.98566882790555,16924,39547,42400,5205
6f5189357d597cf2697efb4681a33273,1120,81.8091418986634,6,-2.98799792297475,35397,39558,42400,4918
dadb55a82f374f16fad1105dd3555306,1120,61.865614722627,5,-2.9886294022938,38873,39561,42400,4919
8e38046b9f9eadd4587b9674d9361fdf,1120,61.8903552618377,5,-2.99277913723889,38866,39590,42400,4917
fec1c9997bd297933caf23a95f1451c8,1178,119.237158317815,11,-3.03367818892112,27863,39781,42400,5197
d36be6598cb28813a964d6c545d3169b,1178,685.083159957857,13,-3.03675406784054,2463,39786,42400,5200
d3e45ea29c23ce4bbd7ecdf89ac0d777,1178,685.083159957857,13,-3.03675406784054,2463,39786,42400,5202
9fd7b58a504ad9067d81fc3478410ed0,1178,685.083159957857,13,-3.03675406784054,2463,39786,42400,5203
f414aaec1ef2f4cec6f359be8d7a7d82,1178,685.083159957857,13,-3.03675406784054,2467,39789,42400,5201
34ffb4c4e497686bb1a1ad8a80424b97,1178,685.083159957857,13,-3.03675406784054,2463,39790,42400,5199
5513e3f888531c6becc6b47c4277d640,1178,54.5760540785202,7,-3.03991946059166,39862,39800,42400,5196
8f2641e4513cd41116ae50e31ba65574,1178,125.057141305767,11,-3.07436215396449,27102,39938,42400,5198
e7af509370afd50cde6328778211135e,1178,279.628619696522,11,-3.08242351226525,13676,39974,42400,5204
0b7880f884c22b2a8ceec00b06bfe84e,1178,279.628619696522,11,-3.08242351226525,13676,39974,42400,5205
72dedd1b446e5d7bda9b81f0bdc9217c,1178,117.887497534573,11,-3.0913367683515,28053,40022,42400,5197
3b75f771f3d64ddabc4692304b3053c7,1178,156.900617170373,10,-3.10105599287014,23604,40079,42400,5205
c72cc5d95d9cf55ce524d8e335293353,1178,156.900617170373,10,-3.10105599287014,23603,40080,42400,5204
279cb902d1857d0a36cd34b7c419bb97,1178,137.622909761886,12,-3.11730888444439,25474,40139,42400,5197
1e2e98834796630ef24e0fb871a21155,1120,82.1499898402191,6,-3.11741384931511,35352,40140,42400,4919
abc8ce8b09f6aa31127db54674158926,1120,82.1857583812865,6,-3.14674731454907,35340,40232,42400,4917
a7cc59b79df5896d00e84089ea8b0c1e,1178,81.8994885940558,9,-3.17882997700052,35381,40335,42400,5198
aba660f6581209802d61ffae0444808b,1178,119.495725407058,11,-3.18432775502309,27819,40360,42400,5197
00945aba56e1d043ab705276d1d65170,1178,583.828020552502,11,-3.1943161142801,3477,40388,42400,5201
0534a8f006f680824259e807a6cc2d86,1178,583.828020552502,11,-3.1943161142801,3480,40388,42400,5203
1ed2aa36d64ee7ae7ce94d2311241507,1178,583.828020552502,11,-3.1943161142801,3477,40388,42400,5200
9f8d6ff04a3ac2f8cb519557f0d3fb90,1178,583.828020552502,11,-3.1943161142801,3477,40388,42400,5202
f1a5e27c4ae4586b49f3a84afb1c49d6,1178,583.828020552502,11,-3.1943161142801,3480,40392,42400,5199
0c6f8cb7061f2a09a5a582ca90187f33,1178,52.8804372267572,7,-3.1962020972941,40142,40401,42400,5196
ccb5a25d1d631e17ce690a07026a455a,1178,53.5073672470958,7,-3.19762184108067,40000,40406,42400,5196
3033baa8a92a4c8aef982f036e69cae4,1178,279.485304628055,11,-3.24683124521238,13685,40556,42400,5205
812240ce4c34b4d23073a0f8eee22edd,1178,279.485304628055,11,-3.24683124521238,13685,40556,42400,5204
ac6c21ad4d7479b15f3daefb8a7e5011,1178,156.513590036169,10,-3.2501310962609,23647,40562,42400,5205
d522fad901bf7992c98dd01f511240e4,1178,156.513590036169,10,-3.2501310962609,23647,40562,42400,5204
2a8df5663ff0c772e4c7b8081dffc40e,1178,120.245289558324,11,-3.25630175271932,27738,40592,42400,5198
d325c405216d2a49ff5ae98de208ec15,1178,73.8067409850831,8,-3.28023396842644,36853,40667,42400,5196
b2dbed192cebc26729ae6eeb175a92a0,1178,53.3475630839271,7,-3.29060580488818,40027,40694,42400,5196
16294293d69fdbb6f45992ce691dec2f,1178,235.78876376369,10,-3.29597983456634,16887,40718,42400,5204
9bb2d6a68aa0f1b9fa013eff6ce2ade4,1178,235.78876376369,10,-3.29597983456634,16888,40718,42400,5205
b0a773f2ef8422e287fdecebefc0ca02,1178,118.146399427137,11,-3.33053919560192,28022,40828,42400,5197
6b81465b9a8d248330f163ba8ab7fdcf,1178,80.4676638975077,9,-3.34804517311514,35615,40872,42400,5198
7037b1ba38ab176da4b97284fc317fc0,1178,137.402823599655,12,-3.35503071702511,25499,40881,42400,5197
83fd9ecb87832db8a28767372946d3f7,1178,586.989813627681,11,-3.36650747667167,3421,40905,42400,5203
6b66b17c6aa04e79c0c82267313840cd,1178,586.989813627681,11,-3.36650747667167,3420,40906,42400,5201
d3ad8c5a5c807ed8a0ba9e70acc63024,1178,586.989813627681,11,-3.36650747667167,3421,40906,42400,5200
7d1959eba1dbd9393d401c63b4d0902c,1178,586.989813627681,11,-3.36650747667167,3424,40906,42400,5202
8909959f7acc4b22bf9b1eadfe74a414,1178,586.989813627681,11,-3.36650747667167,3421,40906,42400,5199
43b94e116cf3721017f62d15c1aef8ee,1178,52.8549648958861,7,-3.39657347355715,40148,40980,42400,5196
353ab3fbef10673bb64c6432464c5a58,1178,75.6787003370965,8,-3.4010125605663,36504,40996,42400,5196
eb9654395ad89ca1886e7f74103a8ebf,1178,53.9593791404148,7,-3.40977946788816,39941,41006,42400,5196
f733dc051ca814550d629c3654cc6e9e,1178,142.346035616681,12,-3.40992528700874,24945,41007,42400,5198
291183e225f6a9be79f20fc5ddf1a1ae,1178,75.7374654379799,8,-3.4303635440876,36491,41053,42400,5197
6c48b42e9364db28af96750c7ce82aba,1178,683.024619214923,13,-3.44881694205008,2497,41083,42400,5199
9b2b314072fef7a4231fd3b85a35a070,1178,683.024619214923,13,-3.44881694205008,2501,41084,42400,5201
74a6d577a851c587993b01a5245d9790,1178,683.024619214923,13,-3.44881694205008,2498,41084,42400,5203
54b87bc5e819663c9827cf2e740d8623,1178,683.024619214923,13,-3.44881694205008,2498,41084,42400,5202
70968614b9f7a9efb1787405d16a8d29,1178,683.024619214923,13,-3.44881694205008,2498,41084,42400,5200
b45bd5ab23faa751bd5d48616d57f558,1178,234.916716176474,10,-3.45918247524703,16981,41122,42400,5205
66888600b549c4f85fbec570ab9c8eb4,1178,234.916716176474,10,-3.45918247524703,16982,41123,42400,5204
c965557d7de59ee1d5b72bd52f973cb0,1178,72.9192100101975,8,-3.48166481964235,37004,41158,42400,5196
3a21d9835ee1e27e74478b85f9d4fba6,1178,87.3179386585196,7,-3.54055312759385,34283,41239,42400,5198
4d05658ab637663e9a5a6bccc2eaea04,1178,75.0782843940182,8,-3.5416768470508,36616,41240,42400,5196
803acca795217e325797501bdfed440d,1178,137.622909761886,12,-3.56913982114149,25473,41301,42400,5197
3134fe96acaa29f2ec228442c233f502,1178,387.94123671823,10,-3.60388662509196,8098,41344,42400,5201
e9d8fa18a86e72f0e7111780ff1df35d,1178,387.94123671823,10,-3.60388662509196,8099,41344,42400,5199
f795a7b1f246c34fe2c40b8c368d2191,1178,387.94123671823,10,-3.60388662509196,8099,41344,42400,5202
009e7188ea49b5b503c410bac8861d47,1178,387.94123671823,10,-3.60388662509196,8099,41344,42400,5203
6c00193fed69a812078ea7ebf31bbfe5,1178,387.94123671823,10,-3.60388662509196,8099,41344,42400,5200
f424e0ed7ec016aa04f62cb1fe942cf2,1178,87.0636209366116,7,-3.6211736925136,34343,41360,42400,5198
458001bc8f24cdf00af6c008a7bcc8ad,1178,75.7827355969817,8,-3.63555836236611,36478,41391,42400,5197
e4297fa31c7599f368cde9e621d6249e,1178,81.8888421752827,7,-3.64973939140029,35385,41403,42400,5197
faac3700949b51cadf7ee3bbdbcdbcd1,1178,75.7789129045797,8,-3.65180114662437,36481,41409,42400,5197
a81706bcc3bd2e669aa567bca5a21f5f,1178,72.765770860618,8,-3.67486794265389,37028,41449,42400,5196
79d68f5b6036eeafaf015c97bb4b3b05,1178,82.5699326982859,7,-3.73902560115341,35269,41518,42400,5197
d479d41be6e5951cd75588f936bbdc0f,1178,137.320209690867,7,-3.78332905397474,25512,41565,42400,5196
f481636361d17f1114970c264c89571d,1178,387.685181959553,10,-3.80714415660161,8108,41595,42400,5201
bd4a3845744903e7acfff6bd3c1dd73c,1178,387.685181959553,10,-3.80714415660161,8108,41595,42400,5203
7ebfe91a5f10dcaa6343af9d4a6be4b5,1178,387.685181959553,10,-3.80714415660161,8108,41595,42400,5202
51f76f9277bc290a976daf32cef9f75b,1178,387.685181959553,10,-3.80714415660161,8108,41595,42400,5199
11d591a4c786c686b29d7fa8df9af575,1178,387.685181959553,10,-3.80714415660161,8108,41595,42400,5200
77483612856464bdff6618977e82aa1f,1178,683.50553916551,12,-3.8258779088159,2494,41607,42400,5200
c850a43815c7650adb4f3955b238a3f1,1178,683.50553916551,12,-3.8258779088159,2492,41608,42400,5201
62397b156f44a0dca72afaa3fffd3c65,1178,683.50553916551,12,-3.8258779088159,2494,41608,42400,5199
0872349efbc1164c807b579bdd3bea5a,1178,683.50553916551,12,-3.8258779088159,2492,41608,42400,5202
dbde5e6e53bdc7ea32d20516de76f80a,1178,683.50553916551,12,-3.8258779088159,2494,41608,42400,5203
3db50b64895ea8bb90e2924284fdd9f9,1178,75.7367004356424,8,-3.91008952204333,36493,41686,42400,5197
2738dd287e47e5e7d9dfd09e9a738ed5,1178,75.5690870890957,8,-4.05629403189327,36532,41800,42400,5197
297b99bcf0aacaa7ca2225c8156f2dea,1178,142.05242575898,11,-4.06085242534921,24975,41801,42400,5198
5a2877dcf590034e2ad232cf6e34dd2f,1178,137.359966436885,11,-4.10930833657168,25503,41833,42400,5197
912f1e04b2678132a113893e76e8ef0b,1178,276.806608436334,11,-4.14553751505901,13858,41861,42400,5205
0354f5421e3745b6ac6252163914b6ad,1178,276.806608436334,11,-4.14553751505901,13859,41861,42400,5204
